band,distance_km,name,city,district,address,phone,website,rating,reviews,type,status,maps,lat,lng,place_id
0–5 km,0.74,D&V Art and English Academy 英語藝術學院,桃園市,楊梅區,桃園市楊梅區四維里四維路62號,03 481 0548,,5,2,學校,OPERATIONAL,https://maps.google.com/?cid=11706052368035496537&g_mp=Cilnb29nbGUubWFwcy5wbGFjZXMudjEuUGxhY2VzLlNlYXJjaE5lYXJieRACGAQgAA,24.9139281,121.18044069999999,ChIJjaZ1dFAjaDQRWULgfptAdKI
0–5 km,0.75,私立勝豐美語珠心算短期補習班,桃園市,楊梅區,桃園市楊梅區埔心里新興街35號,03 481 7643,http://www.anayeh.com/sf,5,12,學校,OPERATIONAL,https://maps.google.com/?cid=5622297850182312696&g_mp=Cilnb29nbGUubWFwcy5wbGFjZXMudjEuUGxhY2VzLlNlYXJjaE5lYXJieRACGAQgAA,24.918405999999997,121.18533300000001,ChIJMTkWf0MjaDQR-CKPRRtqBk4
0–5 km,0.89,空中美語兒童美語 楊梅艾奇德 分校,桃園市,楊梅區,桃園市楊梅區四維里文化街96號,03 481 8811,http://www.4kids.com.tw/,5,1,兒童照護機構,OPERATIONAL,https://maps.google.com/?cid=1863695743369810872&g_mp=Cilnb29nbGUubWFwcy5wbGFjZXMudjEuUGxhY2VzLlNlYXJjaE5lYXJieRACGAQgAA,24.9145519,121.1842762,ChIJyVnDHUUjaDQRuBP3gGct3Rk
0–5 km,0.96,承恩美語補習班,桃園市,楊梅區,桃園市楊梅區四維里四維路162號,03 481 1177,,4.8,33,學校,OPERATIONAL,https://maps.google.com/?cid=11221506505123687293&g_mp=Cilnb29nbGUubWFwcy5wbGFjZXMudjEuUGxhY2VzLlNlYXJjaE5lYXJieRACGAQgAA,24.912301000000003,121.18172340000001,ChIJ2as8PVAjaDQRfeuhWrbMups
0–5 km,3.03,甜蜜美語文理短期補習班,桃園市,楊梅區,桃園市楊梅區裕成里裕成路158巷31號,03 431 4018,,3,2,學校,OPERATIONAL,https://maps.google.com/?cid=1919858757216377385&g_mp=Cilnb29nbGUubWFwcy5wbGFjZXMudjEuUGxhY2VzLlNlYXJjaE5lYXJieRACGAQgAA,24.898957000000003,121.15943100000001,ChIJYbBk4E87aDQRKRrOKl61pBo
0–5 km,3.3,愛美語楊梅大同二校-漢峰補習班,桃園市,楊梅區,桃園市楊梅區楊梅里梅高路60號,03 488 2055,,5,2,學校,OPERATIONAL,https://maps.google.com/?cid=16961882910019448895&g_mp=Cilnb29nbGUubWFwcy5wbGFjZXMudjEuUGxhY2VzLlNlYXJjaE5lYXJieRACGAQgAA,24.9172901,121.14555299999999,ChIJS3s3FgYlaDQRP3B6haO2ZOs
0–5 km,3.35,莫比思美語楊梅分校 智瀚語文補習班,桃園市,楊梅區,桃園市楊梅區楊梅里大平街23號,03 478 3105,,4.8,4,兒童照護機構,OPERATIONAL,https://maps.google.com/?cid=882732199886006311&g_mp=Cilnb29nbGUubWFwcy5wbGFjZXMudjEuUGxhY2VzLlNlYXJjaE5lYXJieRACGAQgAA,24.9107126,121.14666640000002,ChIJlRS3NzU7aDQRJygBRkIYQAw
0–5 km,3.37,愛美語楊梅大同一校-漢峰語文文理補習班,桃園市,楊梅區,桃園市楊梅區楊梅里大平街62號,03 475 0803,https://www.facebook.com/hf4750803/?ref=bookmarks,5,21,學校,OPERATIONAL,https://maps.google.com/?cid=14572345456801926781&g_mp=Cilnb29nbGUubWFwcy5wbGFjZXMudjEuUGxhY2VzLlNlYXJjaE5lYXJieRACGAQgAA,24.910870700000004,121.14639969999999,ChIJfQ3QwBs7aDQRfc70QPxeO8o
0–5 km,3.48,私立傑西美語短期補習班-楊梅兒童美語|推薦英文班|英文補習班|全美班|外師一對一|全民英檢課程|全科補習班|幼兒美語,桃園市,楊梅區,桃園市楊梅區楊梅里大模街33號57號,03 478 0758,https://www.facebook.com/jessiemagicschooll/,4.9,104,兒童照護機構,OPERATIONAL,https://maps.google.com/?cid=10190572630728074260&g_mp=Cilnb29nbGUubWFwcy5wbGFjZXMudjEuUGxhY2VzLlNlYXJjaE5lYXJieRACGAQgAA,24.9118364,121.14486769999999,ChIJzQhw0DQ7aDQRFGRd0NAvbI0
0–5 km,3.48,政大聯合文理語文短期補習班,桃園市,楊梅區,桃園市楊梅區楊梅里大成路109號3F,0981 745 350,,1,1,學校,OPERATIONAL,https://maps.google.com/?cid=709538259725970128&g_mp=Cilnb29nbGUubWFwcy5wbGFjZXMudjEuUGxhY2VzLlNlYXJjaE5lYXJieRACGAQgAA,24.910428,121.14539099999999,ChIJcznwIDU7aDQR0OqDtUnJ2Ak
0–5 km,3.56,喬立安美語Joanne’s Language Program,桃園市,楊梅區,桃園市楊梅區楊江里大平街85號,03 485 4477,https://www.facebook.com/joannestw,4.6,10,學校,OPERATIONAL,https://maps.google.com/?cid=11250750969546028302&g_mp=Cilnb29nbGUubWFwcy5wbGFjZXMudjEuUGxhY2VzLlNlYXJjaE5lYXJieRACGAQgAA,24.910933099999998,121.1444006,ChIJeVfwshg7aDQRDjUs1GWyIpw
0–5 km,3.61,空中美語兒童美語 佶林文理短期補習班,桃園市,楊梅區,桃園市楊梅區楊江里大平街126號,03 485 4778,,4.4,19,兒童照護機構,OPERATIONAL,https://maps.google.com/?cid=17027078322080113698&g_mp=Cilnb29nbGUubWFwcy5wbGFjZXMudjEuUGxhY2VzLlNlYXJjaE5lYXJieRACGAQgAA,24.9110952,121.1438123,ChIJvZ2PuDQ7aDQRIuRWRoVVTOw
0–5 km,3.66,凱思英語短期補習班,桃園市,楊梅區,桃園市楊梅區永寧里永寧路一巷6號,03 485 4650,https://www.facebook.com/ksenglishlanguageschool/,4.3,24,學校,OPERATIONAL,https://maps.google.com/?cid=5314190711464383295&g_mp=Cilnb29nbGUubWFwcy5wbGFjZXMudjEuUGxhY2VzLlNlYXJjaE5lYXJieRACGAQgAA,24.9031639,121.1471083,ChIJ3So4zTc7aDQRP9OD2UvMv0k
0–5 km,3.68,群勵文理美語補習班,桃園市,楊梅區,桃園市楊梅區永寧里永寧路17巷2號,03 488 0637,,5,5,學校,OPERATIONAL,https://maps.google.com/?cid=1572116877325483114&g_mp=Cilnb29nbGUubWFwcy5wbGFjZXMudjEuUGxhY2VzLlNlYXJjaE5lYXJieRACGAQgAA,24.903121799999997,121.14697640000001,ChIJF-wC9b07aDQRarxhcvhH0RU
0–5 km,3.85,喬登美語(祥安分校),桃園市,平鎮區,桃園市平鎮區湧安里湧安路44號,03 419 2435,http://www.nean-nei.com.tw/,4.8,41,學校,OPERATIONAL,https://maps.google.com/?cid=9307923240357268090&g_mp=Cilnb29nbGUubWFwcy5wbGFjZXMudjEuUGxhY2VzLlNlYXJjaE5lYXJieRACGAQgAA,24.894544,121.20374400000001,ChIJ9TFbvM08aDQRegoZIt9iLIE
0–5 km,4.35,佑育語文文理短期補習班,桃園市,楊梅區,桃園市楊梅區新榮里富榮路15號2樓,03 490 6733,,5,2,學校,OPERATIONAL,https://maps.google.com/?cid=6354447563662897004&g_mp=Cilnb29nbGUubWFwcy5wbGFjZXMudjEuUGxhY2VzLlNlYXJjaE5lYXJieRACGAQgAA,24.9568194,121.16269410000001,ChIJr2floXskaDQRbC_5T2SIL1g
0–5 km,4.39,長頸鹿美語-平鎮文化分校 文化國小補習班推薦 課輔班 兒童美語 國小英文 國小美語 小一先修班 正音班 英檢班,桃園市,平鎮區,桃園市平鎮區復旦里文化街186號,03 493 1210,https://giraffe-pingzhen.weebly.com/,4.8,25,學校,OPERATIONAL,https://maps.google.com/?cid=14553044571440577840&g_mp=Cilnb29nbGUubWFwcy5wbGFjZXMudjEuUGxhY2VzLlNlYXJjaE5lYXJieRACGAQgAA,24.9525965,121.20314959999999,ChIJkUsY3bojaDQRMH0kse7M9sk
0–5 km,4.4,雅典音樂語文短期補習班,桃園市,平鎮區,桃園市平鎮區復旦里文化街180號,03 493 5080,,1,1,學校,OPERATIONAL,https://maps.google.com/?cid=16844164562962163082&g_mp=Cilnb29nbGUubWFwcy5wbGFjZXMudjEuUGxhY2VzLlNlYXJjaE5lYXJieRACGAQgAA,24.952707,121.20313399999999,ChIJ_xBk3bojaDQRiiWVAW1-wuk
0–5 km,4.41,奧斯汀美語 微思分校,桃園市,平鎮區,桃園市平鎮區復旦里復旦路二段150巷271號,03 494 0020,https://www.facebook.com/share/16r4j3onqR/?mibextid=wwXIfr,5,95,學校,OPERATIONAL,https://maps.google.com/?cid=16601075339749405021&g_mp=Cilnb29nbGUubWFwcy5wbGFjZXMudjEuUGxhY2VzLlNlYXJjaE5lYXJieRACGAQgAA,24.953066399999997,121.2027249,ChIJUcxSeWcjaDQRXbFCsxDeYuY
0–5 km,4.47,奧斯汀美語中平分校(松勇校),桃園市,中壢區,桃園市中壢區過嶺里松勇路39號,03 420 0817,https://www.facebook.com/pages/category/Language-School/%E5%A5%A7%E6%96%AF%E6%B1%80%E7%BE%8E%E8%AA%9E%E4%B8%AD%E5%B9%B3%E5%88%86%E6%A0%A1-104044731308159/,4.3,29,教育機構,OPERATIONAL,https://maps.google.com/?cid=10465279855178388811&g_mp=Cilnb29nbGUubWFwcy5wbGFjZXMudjEuUGxhY2VzLlNlYXJjaE5lYXJieRACGAQgAA,24.9590128,121.1665328,ChIJ6YvNKx4laDQRS5X1spQkPJE
0–5 km,4.53,小學堂文教機構 | Live互動美語,桃園市,平鎮區,桃園市平鎮區復旦里文化街88號,03 281 0128,http://a99011240.jretc.net/index.html,4.9,121,學校,OPERATIONAL,https://maps.google.com/?cid=3332216936380614174&g_mp=Cilnb29nbGUubWFwcy5wbGFjZXMudjEuUGxhY2VzLlNlYXJjaE5lYXJieRACGAQgAA,24.954159999999998,121.20300749999998,ChIJ82UTVrojaDQRHsaBF6ZpPi4
0–5 km,4.54,菲比斯英語,桃園市,中壢區,桃園市中壢區過嶺里松德路125號,03 420 5140,,5,6,學校,OPERATIONAL,https://maps.google.com/?cid=3584561199786145630&g_mp=Cilnb29nbGUubWFwcy5wbGFjZXMudjEuUGxhY2VzLlNlYXJjaE5lYXJieRACGAQgAA,24.960269,121.1689743,ChIJdZNuAhMlaDQRXrfmXGvrvjE
0–5 km,4.56,建如文理補習班、MPM數學、空中美語文化分校,桃園市,平鎮區,桃園市平鎮區復旦里文化街72號,03 493 8800,https://www.facebook.com/English4u.wenhua/,4.7,16,學校,OPERATIONAL,https://maps.google.com/?cid=13242322295055546703&g_mp=Cilnb29nbGUubWFwcy5wbGFjZXMudjEuUGxhY2VzLlNlYXJjaE5lYXJieRACGAQgAA,24.9545066,121.2030132,ChIJLf8OUbojaDQRT3kFbvctxrc
0–5 km,4.57,明子園幼兒園/課後班/安親班/文化國小安親/美語安親/,桃園市,平鎮區,桃園市平鎮區復旦里文化街68巷6號,03 494 5172,,4.4,58,幼稚園,OPERATIONAL,https://maps.google.com/?cid=2680290247858276349&g_mp=Cilnb29nbGUubWFwcy5wbGFjZXMudjEuUGxhY2VzLlNlYXJjaE5lYXJieRACGAQgAA,24.9547973,121.2027349,ChIJz8KGTbojaDQR_UeJlsdNMiU
0–5 km,4.59,大山美語文理補習班,桃園市,平鎮區,桃園市平鎮區北富里金陵路三段150巷2弄37-2號,03 458 9120,,3.8,5,學校,OPERATIONAL,https://maps.google.com/?cid=533073149369859255&g_mp=Cilnb29nbGUubWFwcy5wbGFjZXMudjEuUGxhY2VzLlNlYXJjaE5lYXJieRACGAQgAA,24.9251418,121.22331439999998,ChIJBYcEsuQiaDQRtzx9ezTbZQc
0–5 km,4.6,小森林美語,桃園市,平鎮區,桃園市平鎮區復興里文化街61號,,,4.5,16,學校,OPERATIONAL,https://maps.google.com/?cid=7782109380727472788&g_mp=Cilnb29nbGUubWFwcy5wbGFjZXMudjEuUGxhY2VzLlNlYXJjaE5lYXJieRACGAQgAA,24.954863699999997,121.20313230000001,ChIJd2ikT7ojaDQRlAJ_GUCb_2s
0–5 km,4.62,加大美語,桃園市,平鎮區,桃園市平鎮區復興里廣德街93號,03 492 2061,,3.5,8,學校,OPERATIONAL,https://maps.google.com/?cid=498693267709005322&g_mp=Cilnb29nbGUubWFwcy5wbGFjZXMudjEuUGxhY2VzLlNlYXJjaE5lYXJieRACGAQgAA,24.9537682,121.2052329,ChIJzYodf7ojaDQRCo6sgeK26wY
0–5 km,4.75,錢老師語文音樂文理短期補習班,桃園市,平鎮區,桃園市平鎮區復興里復興街16號,0912 252 612,,4.8,20,學校,OPERATIONAL,https://maps.google.com/?cid=13339665974785607848&g_mp=Cilnb29nbGUubWFwcy5wbGFjZXMudjEuUGxhY2VzLlNlYXJjaE5lYXJieRACGAQgAA,24.9546125,121.20608750000001,ChIJmdzyl7AjaDQRqAh2CYcDILk
0–5 km,4.77,葛洛莉英語-平鎮校Ping Jen(文化國小 復旦國小 平興國小)平鎮兒童美語 平鎮英文補習班 平鎮美語 國小英文 國中英文 小一新生 高中英文,桃園市,平鎮區,桃園市平鎮區環南路66巷17弄14衖26號,03 494 8585,https://www.glo.com.tw/dist-pingzhen.html,5,757,兒童照護機構,OPERATIONAL,https://maps.google.com/?cid=2399269986938562045&g_mp=Cilnb29nbGUubWFwcy5wbGFjZXMudjEuUGxhY2VzLlNlYXJjaE5lYXJieRACGAQgAA,24.9552369,121.20545879999997,ChIJpbcUCrojaDQR_aW6W1frSyE
0–5 km,4.98,哥倫匹亞語文短期補習班,桃園市,龍潭區,桃園市龍潭區八德里梅龍路500號,03 489 1225,,,,學校,OPERATIONAL,https://maps.google.com/?cid=7218514729759551698&g_mp=Cilnb29nbGUubWFwcy5wbGFjZXMudjEuUGxhY2VzLlNlYXJjaE5lYXJieRACGAQgAA,24.8770424,121.1912218,ChIJHRCxA5U8aDQR0jA-weZQLWQ
0–5 km,4.98,龍潭國際美語村,桃園市,龍潭區,桃園市龍潭區八德里梅龍路500號,03 489 1225,http://avi-school.org/,4.6,8,教育機構,OPERATIONAL,https://maps.google.com/?cid=11529937537228790462&g_mp=Cilnb29nbGUubWFwcy5wbGFjZXMudjEuUGxhY2VzLlNlYXJjaE5lYXJieRACGAQgAA,24.8770424,121.1912218,ChIJHRCxA5U8aDQRvtr2FBqRAqA
5–10 km,5.0,薇閣語文短期補習班,桃園市,平鎮區,桃園市平鎮區北興里金陵路二段360號,03 457 0932,,3.6,20,學校,OPERATIONAL,https://maps.google.com/?cid=13716747757068378667&g_mp=Cilnb29nbGUubWFwcy5wbGFjZXMudjEuUGxhY2VzLlNlYXJjaE5lYXJieRACGAQgAA,24.934987,121.22499330000001,ChIJCeWrj_giaDQRK2KyHWmtW74
5–10 km,5.04,吉的堡美語學校,桃園市,平鎮區,桃園市平鎮區北興里金陵路二段377-2號,03 428 8883,http://www.kidcastle.com.tw/,3.3,7,教育機構,OPERATIONAL,https://maps.google.com/?cid=14216718545497890770&g_mp=Cilnb29nbGUubWFwcy5wbGFjZXMudjEuUGxhY2VzLlNlYXJjaE5lYXJieRACGAQgAA,24.935665999999998,121.225174,ChIJGQV1KlYiaDQR0h8cmDHuS8U
5–10 km,5.51,夏山美語,桃園市,龍潭區,桃園市龍潭區百年里百年五街43號,03 480 2263,https://summerhill-english.weebly.com/,5,3,學校,OPERATIONAL,https://maps.google.com/?cid=5288698627958463622&g_mp=Cilnb29nbGUubWFwcy5wbGFjZXMudjEuUGxhY2VzLlNlYXJjaE5lYXJieRACGAQgAA,24.880239700000004,121.21032500000001,ChIJ8aW1CNw8aDQRhlyPo2E7ZUk
5–10 km,5.51,喬登美語(潛龍分校),桃園市,龍潭區,桃園市龍潭區烏樹林里中豐路418之1號,,,,,學校,OPERATIONAL,https://maps.google.com/?cid=3701273717901327733&g_mp=Cilnb29nbGUubWFwcy5wbGFjZXMudjEuUGxhY2VzLlNlYXJjaE5lYXJieRACGAQgAA,24.8812835,121.21193050000001,ChIJkWOiRNk8aDQRdX3_E9aQXTM
5–10 km,5.81,快樂園語文文理短期補習班,桃園市,楊梅區,桃園市楊梅區上田里楊新路四段37巷3弄19號,03 288 9060,https://business.google.com/site/l/02286036876212200319?hl=zh-TW,5,4,學校,OPERATIONAL,https://maps.google.com/?cid=12688579145237639145&g_mp=Cilnb29nbGUubWFwcy5wbGFjZXMudjEuUGxhY2VzLlNlYXJjaE5lYXJieRACGAQgAA,24.9365856,121.12338,ChIJn0t_bTglaDQR6a9RcIHjFrA
5–10 km,7.6,吉的堡美語學校(中壢大崙分校),桃園市,中壢區,桃園市中壢區內厝里中正路四段70號,03 498 6090,https://4986090.topschool.tw/Home/Main,4.5,8,學校,OPERATIONAL,https://maps.google.com/?cid=5851113689963450877&g_mp=Cilnb29nbGUubWFwcy5wbGFjZXMudjEuUGxhY2VzLlNlYXJjaE5lYXJieRACGAQgAA,24.988563,121.1809872,ChIJvRml4FchaDQR_VGyhuZUM1E
5–10 km,7.6,學匯語文文理數學補習班 大崙校,桃園市,中壢區,桃園市中壢區內厝里中正路四段66號,03 408 0369,https://www.facebook.com/p/%E5%AD%B8%E5%8C%AF%E6%96%87%E7%90%86%E8%A3%9C%E7%BF%92%E7%8F%AD-100057664171337/?locale=zh_TW,4.8,41,學校,OPERATIONAL,https://maps.google.com/?cid=11919443886743720693&g_mp=Cilnb29nbGUubWFwcy5wbGFjZXMudjEuUGxhY2VzLlNlYXJjaE5lYXJieRACGAQgAA,24.9885602,121.1810252,ChIJ_3EL0sEhaDQR9ZKPJRBfaqU
5–10 km,7.61,奇飛美語珠算短期補習班,桃園市,中壢區,桃園市中壢區內厝里中正路四段85號2樓,03 498 0101,,,,學校,OPERATIONAL,https://maps.google.com/?cid=12245866672060643921&g_mp=Cilnb29nbGUubWFwcy5wbGFjZXMudjEuUGxhY2VzLlNlYXJjaE5lYXJieRACGAQgAA,24.988681099999997,121.18035710000001,ChIJFeln2FchaDQRUTr4WtsO8qk
5–10 km,7.63,長頸鹿美語大崙分校,桃園市,中壢區,桃園市中壢區內厝里中正路四段107號,03 498 0101,https://giraffe-dayuan.weebly.com/,4.9,76,學校,OPERATIONAL,https://maps.google.com/?cid=9762046047280206172&g_mp=Cilnb29nbGUubWFwcy5wbGFjZXMudjEuUGxhY2VzLlNlYXJjaE5lYXJieRACGAQgAA,24.9888525,121.1799643,ChIJ_9rK4RIjaDQRXJEkkSjBeYc
5–10 km,7.65,碩成常春藤英語大崙校,桃園市,中壢區,桃園市中壢區中正路四段88巷8號,03 498 4115,https://m.facebook.com/pages/category/Test-Preparation-Center/%E7%A2%A9%E6%88%90%E5%B8%B8%E6%98%A5%E8%97%A4%E8%8B%B1%E8%AA%9E%E5%A4%A7%E5%B4%99%E6%A0%A1-106843587572797/,4,21,學校,OPERATIONAL,https://maps.google.com/?cid=4729929452937876402&g_mp=Cilnb29nbGUubWFwcy5wbGFjZXMudjEuUGxhY2VzLlNlYXJjaE5lYXJieRACGAQgAA,24.9889869,121.1809663,ChIJJ6fSY-khaDQRshMF98YVpEE
5–10 km,7.65,挪亞美語作文短期補習班,桃園市,龍潭區,桃園市龍潭區武漢里國聯街21號,03 499 6048,,,,學校,OPERATIONAL,https://maps.google.com/?cid=15215221383339262651&g_mp=Cilnb29nbGUubWFwcy5wbGFjZXMudjEuUGxhY2VzLlNlYXJjaE5lYXJieRACGAQgAA,24.8726177,121.232911,ChIJs2eyNDw9aDQRu0LdBDxTJ9M
5–10 km,7.75,逸薇美語短期補習班,桃園市,龍潭區,桃園市龍潭區武漢里武漢路50號,03 499 0697,,5,1,學校,OPERATIONAL,https://maps.google.com/?cid=2784987015485436370&g_mp=Cilnb29nbGUubWFwcy5wbGFjZXMudjEuUGxhY2VzLlNlYXJjaE5lYXJieRACGAQgAA,24.872528499999998,121.23412759999998,ChIJoydigD49aDQR0rEVYu9CpiY
5–10 km,7.84,長頸鹿美語(武漢分校),桃園市,龍潭區,桃園市龍潭區武漢里武漢路86號,03 489 0689,,3.9,18,學校,OPERATIONAL,https://maps.google.com/?cid=3710036910781997703&g_mp=Cilnb29nbGUubWFwcy5wbGFjZXMudjEuUGxhY2VzLlNlYXJjaE5lYXJieRACGAQgAA,24.871601599999998,121.23440380000001,ChIJZ7cncT49aDQRh6K_6umyfDM
5–10 km,7.94,艾立笙文理語文短期補習班,桃園市,龍潭區,桃園市龍潭區中正里龍華路365號,03 409 0901,,1,1,學校,OPERATIONAL,https://maps.google.com/?cid=12688028577401609648&g_mp=Cilnb29nbGUubWFwcy5wbGFjZXMudjEuUGxhY2VzLlNlYXJjaE5lYXJieRACGAQgAA,24.8584657,121.21760599999999,ChIJC1o-FwI9aDQRsB0HYMTuFLA
5–10 km,8.52,王莉美語安親中心,桃園市,楊梅區,桃園市楊梅區,,,3.8,4,兒童照護機構,OPERATIONAL,https://maps.google.com/?cid=17659105423038208687&g_mp=Cilnb29nbGUubWFwcy5wbGFjZXMudjEuUGxhY2VzLlNlYXJjaE5lYXJieRACGAQgAA,24.8999594,121.09665840000001,ChIJib8S35U6aDQRr9pd_9G-EfU
5–10 km,8.67,冠球語文珠算短期補習班,桃園市,中壢區,桃園市中壢區仁愛里榮民南路224號,03 466 8629,,5,2,學校,OPERATIONAL,https://maps.google.com/?cid=4957700772940780852&g_mp=Cilnb29nbGUubWFwcy5wbGFjZXMudjEuUGxhY2VzLlNlYXJjaE5lYXJieRACGAQgAA,24.9524939,121.25640329999999,ChIJbxsKfQwiaDQRNJXQAZZKzUQ
5–10 km,8.93,科林外語,桃園市,中壢區,桃園市中壢區華愛里榮民南路83號,,,,,學校,OPERATIONAL,https://maps.google.com/?cid=5360159746373528869&g_mp=Cilnb29nbGUubWFwcy5wbGFjZXMudjEuUGxhY2VzLlNlYXJjaE5lYXJieRACGAQgAA,24.9549929,121.25796489999999,ChIJyfDAXAkiaDQRJS3x1eMcY0o
5–10 km,9.28,邱老師美語短期補習班,桃園市,新屋區,桃園市新屋區新屋里新興街11號,0926 941 955,,5,4,學校,OPERATIONAL,https://maps.google.com/?cid=10841667619523414826&g_mp=Cilnb29nbGUubWFwcy5wbGFjZXMudjEuUGxhY2VzLlNlYXJjaE5lYXJieRACGAQgAA,24.9722627,121.1061862,ChIJW3d7FqMlaDQRKkuMIkJXdZY
5–10 km,9.43,小學堂美語短期補習班,桃園市,新屋區,桃園市新屋區新屋里中正一街26巷7號,03 477 1886,,5,1,兒童照護機構,OPERATIONAL,https://maps.google.com/?cid=17132230300581656515&g_mp=Cilnb29nbGUubWFwcy5wbGFjZXMudjEuUGxhY2VzLlNlYXJjaE5lYXJieRACGAQgAA,24.9738777,121.10573230000001,ChIJXV06LaMlaDQRw3daHLDowe0
5–10 km,9.45,維吉尼亞文理語文短期補習班,桃園市,楊梅區,桃園市楊梅區豐野里民富路三段924巷7號,03 472 7887,,,,學校,OPERATIONAL,https://maps.google.com/?cid=17301286997401734467&g_mp=Cilnb29nbGUubWFwcy5wbGFjZXMudjEuUGxhY2VzLlNlYXJjaE5lYXJieRACGAQgAA,24.93534,121.08592,ChIJmZ4VpVAlaDQRQw03pduEGvA
5–10 km,9.54,威齊語文短期補習班,桃園市,新屋區,桃園市新屋區新生里新生五街8號2樓,03 477 9789,,,,學校,OPERATIONAL,https://maps.google.com/?cid=16211324136502453195&g_mp=Cilnb29nbGUubWFwcy5wbGFjZXMudjEuUGxhY2VzLlNlYXJjaE5lYXJieRACGAQgAA,24.9745228,121.10485270000001,ChIJU4KeK70laDQRy-PxLmkx-uA
5–10 km,9.89,青宏美語珠心算短期補習班,桃園市,大溪區,桃園市大溪區三元里三元三街14號,03 390 9931,,,,學校,OPERATIONAL,https://maps.google.com/?cid=5685864498803722242&g_mp=Cilnb29nbGUubWFwcy5wbGFjZXMudjEuUGxhY2VzLlNlYXJjaE5lYXJieRACGAQgAA,24.882619,121.26700600000001,ChIJHVmMQv8XaDQRAkgz_KI_6E4
5–10 km,9.89,馬林魚美語文理短期補習班,桃園市,楊梅區,桃園市楊梅區豐野里信義街231號,03 472 1249,https://m.facebook.com/%E9%A6%AC%E6%9E%97%E9%AD%9A%E8%A3%9C%E7%BF%92%E7%8F%AD-169022626596685/?ref=bookmarks,3.7,3,學校,OPERATIONAL,https://maps.google.com/?cid=1731807927207520159&g_mp=Cilnb29nbGUubWFwcy5wbGFjZXMudjEuUGxhY2VzLlNlYXJjaE5lYXJieRACGAQgAA,24.936887,121.08174229999999,ChIJwYObKVglaDQRn-doYCKeCBg
10–15 km,10.06,茗雅文理美語短期補習班,桃園市,大溪區,桃園市大溪區光明里三元一街31號,03 389 2327,,,,學校,OPERATIONAL,https://maps.google.com/?cid=16531274705841816831&g_mp=Cilnb29nbGUubWFwcy5wbGFjZXMudjEuUGxhY2VzLlNlYXJjaE5lYXJieRACGAQgAA,24.884108299999998,121.2696086,ChIJwZoSFQIYaDQR_wQaLsLiauU
10–15 km,10.1,文佑語文文理數學短期補習班,桃園市,大溪區,桃園市大溪區光明里三元一街49號,03 390 9559,,5,2,學校,OPERATIONAL,https://maps.google.com/?cid=17602456463571825247&g_mp=Cilnb29nbGUubWFwcy5wbGFjZXMudjEuUGxhY2VzLlNlYXJjaE5lYXJieRACGAQgAA,24.8840219,121.26998940000001,ChIJeeljagIYaDQRXzJ6TeR8SPQ
10–15 km,10.23,Live互動美語中壢青埔加盟校/同學家(翻轉課後),桃園市,中壢區,桃園市中壢區青埔里青商路56號1樓,03 287 8978,https://www.facebook.com/Liveabcahomefromhome,,,學校,OPERATIONAL,https://maps.google.com/?cid=4238158386200350127&g_mp=Cilnb29nbGUubWFwcy5wbGFjZXMudjEuUGxhY2VzLlNlYXJjaE5lYXJieRACGAQgAA,25.005275100000002,121.21688770000002,ChIJn_2HlkohaDQRr41Q95j20Do
10–15 km,10.29,夏恩英語桃園大溪分校,桃園市,大溪區,"號 No, No. 142仁善三街仁善里大溪區桃園市335",03 390 0868,https://www.facebook.com/RachelsEnglishSchool/?ref=aymt_homepage_panel,5,63,學校,OPERATIONAL,https://maps.google.com/?cid=17973680515661347222&g_mp=Cilnb29nbGUubWFwcy5wbGFjZXMudjEuUGxhY2VzLlNlYXJjaE5lYXJieRACGAQgAA,24.907762299999998,121.27925259999999,ChIJQX4Prm4YaDQRlrlaSjNXb_k
10–15 km,10.49,奧斯汀美語桃園八德分校,桃園市,八德區,桃園市八德區中正路178號1樓,03 368 2584,https://reurl.cc/j9NgYy,4.7,3,學校,OPERATIONAL,https://maps.google.com/?cid=10352962592592293844&g_mp=Cilnb29nbGUubWFwcy5wbGFjZXMudjEuUGxhY2VzLlNlYXJjaE5lYXJieRACGAQgAA,24.9274676,121.28189440000001,ChIJjRoIkWUZaDQR1O9eKKAcrY8
10–15 km,10.55,日進文理語文短期補習班,桃園市,龍潭區,桃園市龍潭區建林里民族路216巷16弄3號,03 470 4629,,,,學校,OPERATIONAL,https://maps.google.com/?cid=11512969066118304067&g_mp=Cilnb29nbGUubWFwcy5wbGFjZXMudjEuUGxhY2VzLlNlYXJjaE5lYXJieRACGAQgAA,24.8405196,121.23477779999999,ChIJEcHDnKM9aDQRQ9EKCF5Ixp8
10–15 km,10.58,耕心幼兒園 【愛美語 仁善分校】安親班、美語班、補習班、正音班,桃園市,大溪區,桃園市大溪區仁善里仁德七街35號,03 380 7073,https://reurl.cc/XE0k2M,5,4,幼稚園,OPERATIONAL,https://maps.google.com/?cid=15402730174840453911&g_mp=Cilnb29nbGUubWFwcy5wbGFjZXMudjEuUGxhY2VzLlNlYXJjaE5lYXJieRACGAQgAA,24.9145513,121.28289050000001,ChIJ9YLcWtcZaDQRFzuOonx9wdU
10–15 km,10.62,愛丁堡語文短期補習班,桃園市,龍潭區,桃園市龍潭區建林里民族路294巷29號,0952 811 303,,5,3,學校,OPERATIONAL,https://maps.google.com/?cid=15103574266855413204&g_mp=Cilnb29nbGUubWFwcy5wbGFjZXMudjEuUGxhY2VzLlNlYXJjaE5lYXJieRACGAQgAA,24.839088,121.23359029999997,ChIJlWQYvL89aDQR1NWlBsasmtE
10–15 km,10.63,佳音英語桃德校,桃園市,八德區,桃園市八德區興中里中興街14號,03 368 0022,https://www.facebook.com/share/1LTJQ3ujcV/?mibextid=LQQJ4d,5,7,教育機構,OPERATIONAL,https://maps.google.com/?cid=2859334526894675409&g_mp=Cilnb29nbGUubWFwcy5wbGFjZXMudjEuUGxhY2VzLlNlYXJjaE5lYXJieRACGAQgAA,24.9269812,121.28327829999999,ChIJcRlXWo4ZaDQR0RWRUZplric
10–15 km,10.7,得分文理語文短期補習班,桃園市,龍潭區,桃園市龍潭區三林里民族路265號,03 480 1553,,3.7,3,學校,OPERATIONAL,https://maps.google.com/?cid=10347944177935672648&g_mp=Cilnb29nbGUubWFwcy5wbGFjZXMudjEuUGxhY2VzLlNlYXJjaE5lYXJieRACGAQgAA,24.8390991,121.23514099999998,ChIJd1WMa6M9aDQRSGVtcWdIm48
10–15 km,10.79,競升文理美語短期補習班,桃園市,龍潭區,桃園市龍潭區三林里民族路293巷16弄5號,03 499 3535,,,,學校,OPERATIONAL,https://maps.google.com/?cid=14376442160187614880&g_mp=Cilnb29nbGUubWFwcy5wbGFjZXMudjEuUGxhY2VzLlNlYXJjaE5lYXJieRACGAQgAA,24.838511999999998,121.23579199999999,ChIJAz6mPqM9aDQRoKbum_lhg8c
10–15 km,10.99,康大電腦文理美語短期補習班,桃園市,觀音區,桃園市觀音區大同里中山路二段763巷23弄5號,03 498 9619,,,,學校,OPERATIONAL,https://maps.google.com/?cid=1430205591495836548&g_mp=Cilnb29nbGUubWFwcy5wbGFjZXMudjEuUGxhY2VzLlNlYXJjaE5lYXJieRACGAQgAA,25.0122739,121.1382623,ChIJByqNyJEmaDQRhAPjbGgc2RM
10–15 km,11.4,布萊登文理補習班-Live互動美語新坡校（MPM數學）,桃園市,觀音區,桃園市觀音區新坡里中山路二段522號,03 498 0741,https://www.facebook.com/shinpobrighton,5,66,兒童照護機構,OPERATIONAL,https://maps.google.com/?cid=18035018636804813228&g_mp=Cilnb29nbGUubWFwcy5wbGFjZXMudjEuUGxhY2VzLlNlYXJjaE5lYXJieRACGAQgAA,25.0143566,121.13313409999999,ChIJOW5rhOonaDQRrPFMhOVBSfo
10–15 km,11.43,澧森美語Listen To Me,桃園市,大園區,桃園市大園區青山里領航北路三段223號2樓,03 287 0170,https://www.facebook.com/profile.php?id=100088852862810&mibextid=LQQJ4d,4.6,10,學校,OPERATIONAL,https://maps.google.com/?cid=10710909231072825876&g_mp=Cilnb29nbGUubWFwcy5wbGFjZXMudjEuUGxhY2VzLlNlYXJjaE5lYXJieRACGAQgAA,25.0180904,121.2129552,ChIJVXrDGK8haDQRFFKMYzLLpJQ
10–15 km,11.47,大英美語文理補習班,桃園市,觀音區,桃園市觀音區新坡里文中路66號,03 498 7622,,5,1,學校,OPERATIONAL,https://maps.google.com/?cid=12106770343731689723&g_mp=Cilnb29nbGUubWFwcy5wbGFjZXMudjEuUGxhY2VzLlNlYXJjaE5lYXJieRACGAQgAA,25.015570399999998,121.13456490000002,ChIJDXOs0I0maDQR-3hcs3vjA6g
10–15 km,11.49,語捷語文短期補習班,桃園市,觀音區,桃園市觀音區新坡里中山路二段470號,03 498 6819,,5,1,學校,OPERATIONAL,https://maps.google.com/?cid=9615573300021051170&g_mp=Cilnb29nbGUubWFwcy5wbGFjZXMudjEuUGxhY2VzLlNlYXJjaE5lYXJieRACGAQgAA,25.0147899,121.1321983,ChIJL_wFvI4maDQRIj98i_hgcYU
10–15 km,11.63,私立美亞美語短期補習班,桃園市,大溪區,桃園市大溪區興和里中正路45號,03 388 0891,,3.7,13,兒童照護機構,OPERATIONAL,https://maps.google.com/?cid=16259423481686131422&g_mp=Cilnb29nbGUubWFwcy5wbGFjZXMudjEuUGxhY2VzLlNlYXJjaE5lYXJieRACGAQgAA,24.8830317,121.2859362,ChIJkS_23SEYaDQR3gKMroITpeE
10–15 km,11.69,私立成龍語文短期補習班,桃園市,大溪區,桃園市大溪區福仁里登龍路20巷2號1樓,03 387 9867,,,,學校,OPERATIONAL,https://maps.google.com/?cid=15068509818082830298&g_mp=Cilnb29nbGUubWFwcy5wbGFjZXMudjEuUGxhY2VzLlNlYXJjaE5lYXJieRACGAQgAA,24.8835434,121.28676619999999,ChIJBeg-KyAYaDQR2idQ2dcZHtE
10–15 km,11.77,麋爾頓美語 Miltonkids Academy 兒童美語↗幼兒美語↗美語學習↗,桃園市,大園區,桃園市大園區青峰里大勇路26號,03 287 8335,https://www.facebook.com/share/1PuJWpSzSM/?mibextid=wwXIfr,5,5,學校,OPERATIONAL,https://maps.google.com/?cid=4088211649515127756&g_mp=Cilnb29nbGUubWFwcy5wbGFjZXMudjEuUGxhY2VzLlNlYXJjaE5lYXJieRACGAQgAA,25.0196173,121.2184405,ChIJDUR0lKshaDQRzIP2v9U-vDg
10–15 km,11.78,Warmhood 暖夥英語,桃園市,大園區,桃園市大園區青埔里大勇路31號,,https://www.facebook.com/share/1ALxrer6sB/?mibextid=wwXIfr,5,6,教育機構,OPERATIONAL,https://maps.google.com/?cid=14176765589222857384&g_mp=Cilnb29nbGUubWFwcy5wbGFjZXMudjEuUGxhY2VzLlNlYXJjaE5lYXJieRACGAQgAA,25.019614600000004,121.21876890000001,ChIJyw1mYrIhaDQRqBqcETH9vcQ
10–15 km,11.79,【逗點教室-青園展翅校】青園國小安親班/青埔補習班/資優數學/自然科學實驗/兒童美語,桃園市,大園區,桃園市大園區青峰里大勇路33號,03 287 3931,http://comma.study/,5,153,學校,OPERATIONAL,https://maps.google.com/?cid=9846410775888078682&g_mp=Cilnb29nbGUubWFwcy5wbGFjZXMudjEuUGxhY2VzLlNlYXJjaE5lYXJieRACGAQgAA,25.019582099999997,121.2190134,ChIJjWM2DRAhaDQRWidjoW56pYg
10–15 km,11.85,奧斯汀美語 桃園龍山分校,桃園市,桃園區,桃園市桃園區龍壽里龍泉六街22號1樓,03 370 9247,https://www.facebook.com/profile.php?id=61580289115110,5,16,學校,OPERATIONAL,https://maps.google.com/?cid=72871809881523559&g_mp=Cilnb29nbGUubWFwcy5wbGFjZXMudjEuUGxhY2VzLlNlYXJjaE5lYXJieRACGAQgAA,24.983910599999998,121.27247579999998,ChIJQwgZPk4faDQRZ8UgZobkAgE
10–15 km,11.9,青埔【個別指導】補習班❤️安親.美語.鋼琴.數學.多益.甲蟲飼育.程式語言.AI機器人.APCS大學程式設計.動力積木.國中會考.高中學測.國文.英文.數學.物理.化學.生物.地球科學.社會.自學生升學輔導.親子共學.育林文化,桃園市,大園區,桃園市大園區大華一街28號,0900 187 246,https://www.facebook.com/profile.php?id=100064001738820,5,62,教育機構,OPERATIONAL,https://maps.google.com/?cid=11659924220272489277&g_mp=Cilnb29nbGUubWFwcy5wbGFjZXMudjEuUGxhY2VzLlNlYXJjaE5lYXJieRACGAQgAA,25.0205633,121.21943409999999,ChIJcYSmqN8haDQRPbNQKU1f0KE
10–15 km,11.94,Red Rock English 紅石美語-大園/中壢/青埔|青園國小/青埔國小/兒童美語|外師英文|幼兒美語|美語補習班|課後英文|國小英文|國小美語|國小安親,桃園市,大園區,桃園市大園區青峰里大成路二段39號,03 287 7727,https://www.facebook.com/RedRockEnglish/,5,11,學校,OPERATIONAL,https://maps.google.com/?cid=17755332729122960395&g_mp=Cilnb29nbGUubWFwcy5wbGFjZXMudjEuUGxhY2VzLlNlYXJjaE5lYXJieRACGAQgAA,25.020518799999998,121.2204841,ChIJk8XDpPchaDQRC7Q9nAudZ_Y
10–15 km,12.21,私立育英文理短期補習班,桃園市,大溪區,桃園市大溪區田心里民權東路93號,03 387 1549,,3.3,12,學校,OPERATIONAL,https://maps.google.com/?cid=6123919915457803578&g_mp=Cilnb29nbGUubWFwcy5wbGFjZXMudjEuUGxhY2VzLlNlYXJjaE5lYXJieRACGAQgAA,24.882209099999997,121.291663,ChIJUbWZsSYYaDQROnXNmbeI_FQ
10–15 km,12.29,學子語文文理短期補習班,桃園市,大溪區,桃園市大溪區一心里文化路161號,03 387 3139,,,,學校,OPERATIONAL,https://maps.google.com/?cid=9578364227841256178&g_mp=Cilnb29nbGUubWFwcy5wbGFjZXMudjEuUGxhY2VzLlNlYXJjaE5lYXJieRACGAQgAA,24.877785,121.290627,ChIJWxS1B4oXaDQR8mrJUYQv7YQ
10–15 km,12.39,私立小熊文理語文珠心算數學短期補習班,桃園市,大溪區,桃園市大溪區文化路81號1F,03 387 2097,https://www.facebook.com/bear3872097,,,學校,OPERATIONAL,https://maps.google.com/?cid=15787240832110128572&g_mp=Cilnb29nbGUubWFwcy5wbGFjZXMudjEuUGxhY2VzLlNlYXJjaE5lYXJieRACGAQgAA,24.881391999999998,121.29330679999998,ChIJu-a_kiYYaDQRvG13deSLF9s
10–15 km,12.45,喬登美語,桃園市,蘆竹區,桃園市蘆竹區新興里文中路一段19巷36號,080 003 7789,,3,2,兒童照護機構,OPERATIONAL,https://maps.google.com/?cid=147883186273943520&g_mp=Cilnb29nbGUubWFwcy5wbGFjZXMudjEuUGxhY2VzLlNlYXJjaE5lYXJieRACGAQgAA,24.9913292,121.27359109999999,ChIJY5mC2tSpQjQR4H8ccvliDQI
10–15 km,12.58,私立兒童星球美語短期補習班,桃園市,桃園區,桃園市桃園區龍安里國豐十街258號,03 360 0292,,4.3,6,學校,OPERATIONAL,https://maps.google.com/?cid=18370209368332522681&g_mp=Cilnb29nbGUubWFwcy5wbGFjZXMudjEuUGxhY2VzLlNlYXJjaE5lYXJieRACGAQgAA,24.991785399999998,121.27484140000001,ChIJX--El2gfaDQRuVQDSRcY8P4
10–15 km,12.58,喬登美語(大成分校),桃園市,八德區,桃園市八德區大成里福僑街39號,03 371 4237,,4.5,11,學校,OPERATIONAL,https://maps.google.com/?cid=13133463996729627691&g_mp=Cilnb29nbGUubWFwcy5wbGFjZXMudjEuUGxhY2VzLlNlYXJjaE5lYXJieRACGAQgAA,24.958541999999998,121.2955987,ChIJSVzWvM0YaDQRK5Rzw-tvQ7Y
10–15 km,12.59,夏恩英語 桃園大成校,桃園市,八德區,桃園市八德區大和里建國路1110號,03 363 7598,,5,8,教育機構,OPERATIONAL,https://maps.google.com/?cid=8240594889294549895&g_mp=Cilnb29nbGUubWFwcy5wbGFjZXMudjEuUGxhY2VzLlNlYXJjaE5lYXJieRACGAQgAA,24.956699099999998,121.2964148,ChIJTU_x-sAZaDQRhxNNKmR5XHI
10–15 km,12.62,桃園市私立艾普樂斯英語補習班,桃園市,八德區,桃園市八德區大成里大成街61號 號,03 363 6276,,,,學校,OPERATIONAL,https://maps.google.com/?cid=12900452177462876946&g_mp=Cilnb29nbGUubWFwcy5wbGFjZXMudjEuUGxhY2VzLlNlYXJjaE5lYXJieRACGAQgAA,24.957714199999998,121.2962628,ChIJFeahks0YaDQREtuW5-ecB7M
10–15 km,12.63,Live互動美語桃園龍安分校（龍安甲子）,桃園市,桃園區,桃園市桃園區龍安里國強十三街104號,03 370 9123,https://www.facebook.com/austinlonganschool,5,13,學校,OPERATIONAL,https://maps.google.com/?cid=6861916949558970956&g_mp=Cilnb29nbGUubWFwcy5wbGFjZXMudjEuUGxhY2VzLlNlYXJjaE5lYXJieRACGAQgAA,24.992203099999998,121.27508139999999,ChIJAQd2L08faDQRTMqxEBxtOl8
10–15 km,12.63,經典補習班-大成分校國小部(徐薇英文)-大成國小補習班/八德數學班/八德兒童美語/八德作文班/八德安親班,桃園市,八德區,桃園市八德區大成里大成街67號,03 376 1116,https://www.facebook.com/%E7%B6%93%E5%85%B8%E8%A3%9C%E7%BF%92%E7%8F%AD-%E5%BE%90%E8%96%87%E8%8B%B1%E6%96%87-%E5%9C%8B%E5%B0%8F%E9%83%A8-1830379323887907/,4.6,91,學校,OPERATIONAL,https://maps.google.com/?cid=4820511775959319611&g_mp=Cilnb29nbGUubWFwcy5wbGFjZXMudjEuUGxhY2VzLlNlYXJjaE5lYXJieRACGAQgAA,24.9577556,121.2963669,ChIJZf2zWQEZaDQRO4Skievl5UI
10–15 km,12.65,承信短期美語補習班,桃園市,八德區,桃園市八德區,,,,,學校,OPERATIONAL,https://maps.google.com/?cid=10480629542619071215&g_mp=Cilnb29nbGUubWFwcy5wbGFjZXMudjEuUGxhY2VzLlNlYXJjaE5lYXJieRACGAQgAA,24.956804899999998,121.29698080000001,ChIJMSj0B9IYaDQR70JGTgqtcpE
10–15 km,12.72,佳祥文理短期補習班(中興國中 永豐國中 桃園國中)桃園國一先修 英文 數學 會考補習班 全科班 高一數學班,桃園市,桃園區,桃園市桃園區龍鳳里國豐三街13號5樓,03 379 5379,https://jia-xiang.articulation.website/,5,63,學校,OPERATIONAL,https://maps.google.com/?cid=11989558217325762679&g_mp=Cilnb29nbGUubWFwcy5wbGFjZXMudjEuUGxhY2VzLlNlYXJjaE5lYXJieRACGAQgAA,24.988014,121.27981100000001,ChIJYcbfH2ofaDQRd1iR3ax3Y6Y
10–15 km,12.85,私立柏林語文文理短期補習班,桃園市,桃園區,桃園市桃園區龍鳳里龍安街119號2 樓,03 378 6458,,3,2,兒童照護機構,OPERATIONAL,https://maps.google.com/?cid=7801825727646148257&g_mp=Cilnb29nbGUubWFwcy5wbGFjZXMudjEuUGxhY2VzLlNlYXJjaE5lYXJieRACGAQgAA,24.9900201,121.27972670000001,ChIJkeMH2GsfaDQRoSba1ymnRWw
10–15 km,12.85,吉的堡美語,桃園市,八德區,桃園市八德區大和里介壽路二段34號2樓,,,2,4,學校,OPERATIONAL,https://maps.google.com/?cid=2320821223733016244&g_mp=Cilnb29nbGUubWFwcy5wbGFjZXMudjEuUGxhY2VzLlNlYXJjaE5lYXJieRACGAQgAA,24.957108599999998,121.29892400000001,ChIJV2Px7EsZaDQRtDbLU5s2NSA
10–15 km,12.85,私立立天文理美語短期補習班,桃園市,八德區,桃園市八德區大和里介壽路二段34號,03 371 1000,,1,1,學校,OPERATIONAL,https://maps.google.com/?cid=4105081208091396340&g_mp=Cilnb29nbGUubWFwcy5wbGFjZXMudjEuUGxhY2VzLlNlYXJjaE5lYXJieRACGAQgAA,24.9569366,121.2989824,ChIJbfsSOtIYaDQR9Ehr7pst-Dg
10–15 km,12.99,奧斯汀美語桃園大湳二校,桃園市,八德區,桃園市八德區大忠里介壽路一段985號,03 361 0885,,5,4,學校,OPERATIONAL,https://maps.google.com/?cid=16859520172317723614&g_mp=Cilnb29nbGUubWFwcy5wbGFjZXMudjEuUGxhY2VzLlNlYXJjaE5lYXJieRACGAQgAA,24.958772,121.2997327,ChIJS--ar7UZaDQR3suHakUM-ek
10–15 km,13.15,冠軒美語數學作文短期補習班（龍安分校）,桃園市,桃園區,桃園市桃園區龍岡里上海路117號,03 370 4558,,4.9,13,學校,OPERATIONAL,https://maps.google.com/?cid=16876386804591183682&g_mp=Cilnb29nbGUubWFwcy5wbGFjZXMudjEuUGxhY2VzLlNlYXJjaE5lYXJieRACGAQgAA,24.99152,121.282253,ChIJu4eneGwfaDQRQke_Q2L4NOo
10–15 km,13.23,冠昱補習班 （湖口國高中補習班）《國中全科班》1對1家教班｜全民英檢班｜私中衝刺班,新竹縣,湖口鄉,新竹縣湖口鄉中正村中正路二段340號,03 599 1431,https://lin.ee/cIL0Q0X,4,86,學校,OPERATIONAL,https://maps.google.com/?cid=7758938077229246793&g_mp=Cilnb29nbGUubWFwcy5wbGFjZXMudjEuUGxhY2VzLlNlYXJjaE5lYXJieRACGAQgAA,24.888522,121.05168099999999,ChIJLThmz_UwaDQRSWmAlxJJrWs
10–15 km,13.39,佳音英語湖口校,新竹縣,湖口鄉,新竹縣湖口鄉愛勢村民族街175號,03 699 3077,,4.8,462,學校,OPERATIONAL,https://maps.google.com/?cid=11080097178541350642&g_mp=Cilnb29nbGUubWFwcy5wbGFjZXMudjEuUGxhY2VzLlNlYXJjaE5lYXJieRACGAQgAA,24.904961,121.04645099999999,ChIJsTs5Q0UwaDQR8t7D061pxJk
10–15 km,13.6,凱瑟琳美語文理補習班,新竹縣,湖口鄉,新竹縣湖口鄉德盛村成功路62-1號,03 599 1775,,5,2,兒童照護機構,OPERATIONAL,https://maps.google.com/?cid=9713764555554113044&g_mp=Cilnb29nbGUubWFwcy5wbGFjZXMudjEuUGxhY2VzLlNlYXJjaE5lYXJieRACGAQgAA,24.9062052,121.04416739999998,ChIJyYy15WcxaDQRFEaVxWU5zoY
10–15 km,13.98,約拿美語短期補習班,新竹縣,關西鎮,新竹縣關西鎮西安里正義路111之6號,03 517 1245,,5,1,學校,OPERATIONAL,https://maps.google.com/?cid=18247875052884327115&g_mp=Cilnb29nbGUubWFwcy5wbGFjZXMudjEuUGxhY2VzLlNlYXJjaE5lYXJieRACGAQgAA,24.79457,121.17547999999998,ChIJ2X8vx8s-aDQRy_rh4K15Pf0
10–15 km,13.98,葛洛莉英語-大竹校Da Chu(大竹國小 新莊國小 新興國小 大華國小 五權國小)大竹兒童美語 大竹英文補習班 大竹美語 蘆竹美語 小一新生 英文補習 國小英文 國中英文 高中英文,桃園市,蘆竹區,桃園市蘆竹區大竹里大新路131號,03 313 5130,http://www.glo.com.tw/,5,685,兒童照護機構,OPERATIONAL,https://maps.google.com/?cid=3178985590916278911&g_mp=Cilnb29nbGUubWFwcy5wbGFjZXMudjEuUGxhY2VzLlNlYXJjaE5lYXJieRACGAQgAA,25.024732099999998,121.25537439999998,ChIJCQVZjCUgaDQRf2qmTI0GHiw
10–15 km,14.04,薪傳巨人升學文理補習班&Live互動美語湖口信勢分校,新竹縣,湖口鄉,新竹縣湖口鄉中正村中山路一段588號,03 590 6111,https://www.facebook.com/people/%E8%96%AA%E5%82%B3%E5%B7%A8%E4%BA%BA%E5%8D%87%E5%AD%B8%E8%A3%9C%E7%BF%92%E7%8F%AD/100092241100023/,4.2,19,學校,OPERATIONAL,https://maps.google.com/?cid=6488921225147460106&g_mp=Cilnb29nbGUubWFwcy5wbGFjZXMudjEuUGxhY2VzLlNlYXJjaE5lYXJieRACGAQgAA,24.8945567,121.041866,ChIJ68f4EM8xaDQRCipoeHlHDVo
10–15 km,14.12,MPM數學 常春藤英語 新埔分校,新竹縣,新埔鎮,新竹縣新埔鎮四座里中正路192號,03 589 7903,,4.4,13,兒童照護機構,OPERATIONAL,https://maps.google.com/?cid=17167602513746233672&g_mp=Cilnb29nbGUubWFwcy5wbGFjZXMudjEuUGxhY2VzLlNlYXJjaE5lYXJieRACGAQgAA,24.826931000000002,121.08327100000001,ChIJ_xRwpOM5aDQRSInyRIeTP-4
10–15 km,14.15,愛美語關西分校-立人文理補習班,新竹縣,關西鎮,新竹縣關西鎮西安里北平路106號,03 587 1670,https://www.facebook.com/%E6%84%9B%E7%BE%8E%E8%AA%9E%E9%97%9C%E8%A5%BF%E5%88%86%E6%A0%A1-100496242582188,,,兒童照護機構,OPERATIONAL,https://maps.google.com/?cid=3830126852697435119&g_mp=Cilnb29nbGUubWFwcy5wbGFjZXMudjEuUGxhY2VzLlNlYXJjaE5lYXJieRACGAQgAA,24.793051900000002,121.1740264,ChIJa0UGmzI_aDQR7yu3YxRYJzU
10–15 km,14.19,大翰文理美語補習班,桃園市,觀音區,桃園市觀音區草新里四維路29號,,,,,學校,CLOSED_TEMPORARILY,https://maps.google.com/?cid=12958951856420763028&g_mp=Cilnb29nbGUubWFwcy5wbGFjZXMudjEuUGxhY2VzLlNlYXJjaE5lYXJieRACGAQgAA,25.043723399999998,121.1424201,ChIJ90J_IBwnaDQRlDVZzw1y17M
10–15 km,14.19,奧斯汀美語 大竹分校,桃園市,蘆竹區,桃園市蘆竹區大竹里大竹路600號,03 313 1397,https://www.facebook.com/austinenglishlight/,4.9,15,學校,OPERATIONAL,https://maps.google.com/?cid=17325832122382422480&g_mp=Cilnb29nbGUubWFwcy5wbGFjZXMudjEuUGxhY2VzLlNlYXJjaE5lYXJieRACGAQgAA,25.0259069,121.25712279999999,ChIJ1XpvgOkhaDQR0BGo5IS4cfA
10–15 km,14.2,Danny Kids丹尼互動美語湖口校區,新竹縣,湖口鄉,新竹縣湖口鄉信勢村新湖路115號,03 557 1805,https://www.facebook.com/dannykidshukou/,5,88,學校,OPERATIONAL,https://maps.google.com/?cid=2209145546443792600&g_mp=Cilnb29nbGUubWFwcy5wbGFjZXMudjEuUGxhY2VzLlNlYXJjaE5lYXJieRACGAQgAA,24.9021573,121.0387417,ChIJ8x6wMggxaDQR2CDrgCt2qB4
10–15 km,14.22,泓庭文理補習班-皇家美語加盟校,桃園市,蘆竹區,桃園市蘆竹區上竹里南竹路五段251號,03 323 6345,,3.9,13,兒童照護機構,OPERATIONAL,https://maps.google.com/?cid=240151938651357695&g_mp=Cilnb29nbGUubWFwcy5wbGFjZXMudjEuUGxhY2VzLlNlYXJjaE5lYXJieRACGAQgAA,25.0245338,121.25976010000001,ChIJmZgveZwfaDQR_4Fvc-owVQM
10–15 km,14.23,博全-空中美語觀音分校,桃園市,觀音區,桃園市觀音區四維路12號,03 438 9525,https://sites.google.com/view/bochyuan/%E9%A6%96%E9%A0%81,4.4,5,學校,OPERATIONAL,https://maps.google.com/?cid=9671046561170692986&g_mp=Cilnb29nbGUubWFwcy5wbGFjZXMudjEuUGxhY2VzLlNlYXJjaE5lYXJieRACGAQgAA,25.044155999999997,121.14268469999999,ChIJmy7Wox4naDQRepvXpJt1NoY
10–15 km,14.23,佳仁美語才藝短期補習班,新竹縣,關西鎮,新竹縣關西鎮北斗里中興路12號,03 587 8600,,5,3,學校,OPERATIONAL,https://maps.google.com/?cid=17415218022417043379&g_mp=Cilnb29nbGUubWFwcy5wbGFjZXMudjEuUGxhY2VzLlNlYXJjaE5lYXJieRACGAQgAA,24.7922469,121.1770648,ChIJP1maq84-aDQRsw8miIVIr_E
10–15 km,14.27,愛美語國際補習班,新竹縣,湖口鄉,新竹縣湖口鄉信勢村明德街255號,03 599 6007,,,,兒童照護機構,OPERATIONAL,https://maps.google.com/?cid=12657964811721207265&g_mp=Cilnb29nbGUubWFwcy5wbGFjZXMudjEuUGxhY2VzLlNlYXJjaE5lYXJieRACGAQgAA,24.902227399999997,121.03805879999999,ChIJHVEVN1IwaDQR4W0Jdu4fqq8
10–15 km,14.29,葉老師美語教室,新竹縣,湖口鄉,新竹縣湖口鄉信勢村明德街308號,03 599 2756,,5,4,學校,OPERATIONAL,https://maps.google.com/?cid=6439218446177399884&g_mp=Cilnb29nbGUubWFwcy5wbGFjZXMudjEuUGxhY2VzLlNlYXJjaE5lYXJieRACGAQgAA,24.901533600000004,121.0379552,ChIJZX74ylMwaDQRTPSLcw-zXFk
10–15 km,14.33,玉兔兒童課後照顧服務中心《新莊國小 大竹國小 大華國小》蘆竹安親班 蘆竹才藝班 蘆竹兒童美語 蘆竹兒童舞蹈 蘆竹暑期班,桃園市,蘆竹區,桃園市蘆竹區大竹里南竹路五段222號,03 323 2446,https://www.e2afterschool.com/,5,41,學校,OPERATIONAL,https://maps.google.com/?cid=2666009332980519121&g_mp=Cilnb29nbGUubWFwcy5wbGFjZXMudjEuUGxhY2VzLlNlYXJjaE5lYXJieRACGAQgAA,25.025478099999997,121.2603071,ChIJZzbJricgaDQR0RAu_FyR_yQ
10–15 km,14.36,Flying Dolphin English(博士登補習班),桃園市,觀音區,桃園市觀音區草新里四維二街46號,03 483 6316,https://www.facebook.com/%E6%B5%B7%E8%B1%9A%E9%B3%A5%E7%BE%8E%E8%AA%9E-%E8%8D%89%E6%BC%AF%E6%A0%A1-329125293539/,4,3,學校,OPERATIONAL,https://maps.google.com/?cid=14775297317793933469&g_mp=Cilnb29nbGUubWFwcy5wbGFjZXMudjEuUGxhY2VzLlNlYXJjaE5lYXJieRACGAQgAA,25.045111,121.1418899,ChIJpROFBhwnaDQRnajjraBmDM0
10–15 km,14.49,賴世雄美語 傅老師補習班,新竹縣,新埔鎮,新竹縣新埔鎮,,,,,學校,OPERATIONAL,https://maps.google.com/?cid=14265135193612750329&g_mp=Cilnb29nbGUubWFwcy5wbGFjZXMudjEuUGxhY2VzLlNlYXJjaE5lYXJieRACGAQgAA,24.827927100000004,121.07678109999999,ChIJgU7o41g3aDQR-Q028ODw98U
10–15 km,14.74,布蘭達美語-Brenda studio,桃園市,觀音區,桃園市觀音區草漯里忠孝路34號,03 483 7499,,5,5,學校,OPERATIONAL,https://maps.google.com/?cid=1838528830862011972&g_mp=Cilnb29nbGUubWFwcy5wbGFjZXMudjEuUGxhY2VzLlNlYXJjaE5lYXJieRACGAQgAA,25.049077999999998,121.143618,ChIJ8e8ykRknaDQRRC7YEDvEgxk
10–15 km,14.8,佳音英語關西校,新竹縣,關西鎮,新竹縣關西鎮東安里大德街86號,03 517 1630,,4,3,教育機構,OPERATIONAL,https://maps.google.com/?cid=8393930351964256124&g_mp=Cilnb29nbGUubWFwcy5wbGFjZXMudjEuUGxhY2VzLlNlYXJjaE5lYXJieRACGAQgAA,24.787195699999998,121.1809414,ChIJ1xXU2dE-aDQRfPcyoi47fXQ
15–20 km,15.48,漢林美語短期補習班,桃園市,大園區,桃園市大園區埔心里埔心街99-5號,03 381 3036,,,,學校,OPERATIONAL,https://maps.google.com/?cid=1135817308057355910&g_mp=Cilnb29nbGUubWFwcy5wbGFjZXMudjEuUGxhY2VzLlNlYXJjaE5lYXJieRACGAQgAA,25.052608,121.225673,ChIJ4d7p1HogaDQRhsZ_6NI7ww8
15–20 km,15.76,私立佛利亞美語文理短期補習班,桃園市,大園區,桃園市大園區大園里和平一街17號,03 386 0268,,3.9,11,學校,OPERATIONAL,https://maps.google.com/?cid=3192939386250519507&g_mp=Cilnb29nbGUubWFwcy5wbGFjZXMudjEuUGxhY2VzLlNlYXJjaE5lYXJieRACGAQgAA,25.0604575,121.2007682,ChIJsSqDKpogaDQR0-PQcnSZTyw
15–20 km,15.76,葛洛莉英語-大園校 Da Yuan,桃園市,大園區,桃園市大園區大園里中正二街55號,03 385 5081,http://www.glo.com.tw/,5,464,兒童照護機構,OPERATIONAL,https://maps.google.com/?cid=6186639775692339273&g_mp=Cilnb29nbGUubWFwcy5wbGFjZXMudjEuUGxhY2VzLlNlYXJjaE5lYXJieRACGAQgAA,25.060535,121.20037889999999,ChIJj1cqLpogaDQRSbhxBxlc21U
15–20 km,15.82,群揚語文短期補習班(大園國小 大園國中)大園兒童美語 大園小一新生 大園正音班 大園課輔班 大園補習班,桃園市,大園區,桃園市大園區大園里中正二街46號,03 385 8920,https://chun-yang.weebly.com/,4.9,49,學校,OPERATIONAL,https://maps.google.com/?cid=12749131193607395473&g_mp=Cilnb29nbGUubWFwcy5wbGFjZXMudjEuUGxhY2VzLlNlYXJjaE5lYXJieRACGAQgAA,25.0611095,121.2004163,ChIJOXdCzZsgaDQRkRjS1UUD7rA
15–20 km,15.84,奧斯汀美語/MPM數學_桃園大園分校,桃園市,大園區,桃園市大園區大園里中正二街39號,03 386 8808,https://austinenglish.com.tw/,4.8,24,學校,OPERATIONAL,https://maps.google.com/?cid=5150303975398947100&g_mp=Cilnb29nbGUubWFwcy5wbGFjZXMudjEuUGxhY2VzLlNlYXJjaE5lYXJieRACGAQgAA,25.0612057,121.20074259999998,ChIJ5bv3FQ8haDQRHLnvmi2OeUc
15–20 km,16.0,惠翔語文短期補習班,桃園市,大園區,桃園市大園區田心里華興路50號,03 385 9622,https://m.facebook.com/pages/category/Day-Care/%E6%83%A0%E7%BF%94%E7%BE%8E%E8%AA%9E%E7%9F%AD%E6%9C%9F%E8%A3%9C%E7%BF%92%E7%8F%AD-218908854793104/?locale2=zh_TW,4,4,學校,OPERATIONAL,https://maps.google.com/?cid=235626296435550090&g_mp=Cilnb29nbGUubWFwcy5wbGFjZXMudjEuUGxhY2VzLlNlYXJjaE5lYXJieRACGAQgAA,25.0635011,121.19335579999999,ChIJqXWQnOohaDQRiifIQt4cRQM
15–20 km,16.06,雷克斯美語短期補習班,桃園市,觀音區,桃園市觀音區觀音里中正路257號,03 473 5266,,5,1,學校,OPERATIONAL,https://maps.google.com/?cid=4064459156930241107&g_mp=Cilnb29nbGUubWFwcy5wbGFjZXMudjEuUGxhY2VzLlNlYXJjaE5lYXJieRACGAQgAA,25.03462,121.080759,ChIJ64L6aSAmaDQRUyLpnBHcZzg
15–20 km,16.07,私立名慧美語珠心算短期補習班,新北市,鶯歌區,鶯歌區二橋里高職西街108號,02 8671 1832,,,,兒童照護機構,OPERATIONAL,https://maps.google.com/?cid=17378193242969934326&g_mp=Cilnb29nbGUubWFwcy5wbGFjZXMudjEuUGxhY2VzLlNlYXJjaE5lYXJieRACGAQgAA,24.941194499999998,121.3358555,ChIJg2yWGkYZaDQR9glRTa6-K_E
15–20 km,16.07,吉的堡美語鶯歌二橋分校,新北市,鶯歌區,新北市鶯歌區二橋里高職西街108號,02 8677 1832,https://m.facebook.com/100083613390584/,3.7,13,教育機構,OPERATIONAL,https://maps.google.com/?cid=9217813058763757645&g_mp=Cilnb29nbGUubWFwcy5wbGFjZXMudjEuUGxhY2VzLlNlYXJjaE5lYXJieRACGAQgAA,24.941194499999998,121.3358555,ChIJg2yWGkYZaDQRTRiSjSNA7H8
15–20 km,16.09,長頸鹿美語觀音分校,桃園市,觀音區,桃園市觀音區觀音里三民路43巷1號,03 473 3873,https://m.facebook.com/lovegiraffeGN/?locale2=zh_TW,5,89,學校,OPERATIONAL,https://maps.google.com/?cid=8523702580769682223&g_mp=Cilnb29nbGUubWFwcy5wbGFjZXMudjEuUGxhY2VzLlNlYXJjaE5lYXJieRACGAQgAA,25.0355432,121.0817345,ChIJd8xuZf8naDQRL3PbMVZGSnY
15–20 km,16.1,百勝外師美語教室&河合音樂教室-大園英文補習班 大園音樂教室-大園校,桃園市,大園區,桃園市大園區大園里新生路130號,03 385 2169,https://winner-english.weebly.com/,4.5,33,學校,OPERATIONAL,https://maps.google.com/?cid=11603259384907977558&g_mp=Cilnb29nbGUubWFwcy5wbGFjZXMudjEuUGxhY2VzLlNlYXJjaE5lYXJieRACGAQgAA,25.0635864,121.200497,ChIJE6vK95sgaDQRVlMoEu8OB6E
15–20 km,16.42,私立米可美語短期補習班,桃園市,桃園區,桃園市桃園區成功里桃三街62號1樓,03 347 3366,,,,學校,OPERATIONAL,https://maps.google.com/?cid=8945207782513814034&g_mp=Cilnb29nbGUubWFwcy5wbGFjZXMudjEuUGxhY2VzLlNlYXJjaE5lYXJieRACGAQgAA,24.996076,121.31788299999998,ChIJefcbsfkeaDQREqrLnhXDI3w
15–20 km,16.44,亞莉安美語短期補習班,桃園市,觀音區,桃園市觀音區白玉里中興路44號,03 473 4338,,4.2,6,學校,OPERATIONAL,https://maps.google.com/?cid=16139118546310347088&g_mp=Cilnb29nbGUubWFwcy5wbGFjZXMudjEuUGxhY2VzLlNlYXJjaE5lYXJieRACGAQgAA,25.038556,121.08034359999999,ChIJWckRTCcmaDQRUDm_JM-q-d8
15–20 km,16.45,雪米美語,桃園市,桃園區,桃園市桃園區成功里桃一街87號,03 333 9860,https://www.facebook.com/profile.php?id=100083101672465,5,10,學校,OPERATIONAL,https://maps.google.com/?cid=2001121843865286262&g_mp=Cilnb29nbGUubWFwcy5wbGFjZXMudjEuUGxhY2VzLlNlYXJjaE5lYXJieRACGAQgAA,24.9954535,121.3186909,ChIJnauAuaIfaDQRdnbd77ZpxRs
15–20 km,16.51,奧斯汀美語-青溪分校,桃園市,桃園區,桃園市桃園區三民里自強路77號,03 331 1155,,5,31,學校,OPERATIONAL,https://maps.google.com/?cid=5402316175134120272&g_mp=Cilnb29nbGUubWFwcy5wbGFjZXMudjEuUGxhY2VzLlNlYXJjaE5lYXJieRACGAQgAA,24.9967983,121.31845469999999,ChIJCxHxZccfaDQRUFk3R_Dh-Eo
15–20 km,16.9,長青文理語文珠算短期補習班/國小安親班,新北市,鶯歌區,新北市鶯歌區永昌里永明街71-1號,02 2677 4265,,4.2,14,兒童照護機構,OPERATIONAL,https://maps.google.com/?cid=11517522815217016364&g_mp=Cilnb29nbGUubWFwcy5wbGFjZXMudjEuUGxhY2VzLlNlYXJjaE5lYXJieRACGAQgAA,24.956103,121.34101240000001,ChIJWZpzI7IeaDQRLJ53Xfp11p8
15–20 km,16.91,私立葵思美語短期補習班,桃園市,桃園區,桃園區莊敬里莊敬路一段210巷59號,03 317 3712,,,,學校,OPERATIONAL,https://maps.google.com/?cid=9921404017151092690&g_mp=Cilnb29nbGUubWFwcy5wbGFjZXMudjEuUGxhY2VzLlNlYXJjaE5lYXJieRACGAQgAA,25.0257529,121.29901699999999,ChIJhXU-OsgfaDQR0qdsQ2Por4k
15–20 km,16.93,私立樂捷文理技藝補習班/國小/國中/高中-桃園/文昌/慈文/同德/經國/同德/慈文/同安/莊敬/新埔國中國小作文|國中英文補習|作文補習班|國/高中國文班|國小美術教學|國中自然補習|英文補習班|多元才藝,桃園市,桃園區,桃園市桃園區自強里莊敬路一段187號,03 316 1791,https://lin.ee/jsD1IMW,5,104,學校,OPERATIONAL,https://maps.google.com/?cid=16549519668812569714&g_mp=Cilnb29nbGUubWFwcy5wbGFjZXMudjEuUGxhY2VzLlNlYXJjaE5lYXJieRACGAQgAA,25.025148599999998,121.2998856,ChIJEenbcDYfaDQRctzppnS0q-U
15–20 km,17.06,私立文建語文短期補習班,新北市,鶯歌區,新北市鶯歌區建國里國華路71號,,,,,學校,OPERATIONAL,https://maps.google.com/?cid=4419043082239904887&g_mp=Cilnb29nbGUubWFwcy5wbGFjZXMudjEuUGxhY2VzLlNlYXJjaE5lYXJieRACGAQgAA,24.954611099999997,121.34307240000001,ChIJ6Ubi8osfaDQRd4wOLEWYUz0
15–20 km,17.4,長頸鹿美語-南崁光明分校 (國中部/英檢班),桃園市,蘆竹區,桃園市蘆竹區福昌里南順七街24號,03 321 3626,https://lin.ee/OOTIaWK,5,5,學校,OPERATIONAL,https://maps.google.com/?cid=11584361116529656085&g_mp=Cilnb29nbGUubWFwcy5wbGFjZXMudjEuUGxhY2VzLlNlYXJjaE5lYXJieRACGAQgAA,25.038801,121.29078500000001,ChIJkzWHRb0faDQRFQGZFA_rw6A
15–20 km,17.43,Live互動美語-新北鶯歌分校,新北市,鶯歌區,新北市鶯歌區南鶯里育英街43號2樓,,,5,8,學校,OPERATIONAL,https://maps.google.com/?cid=16798625233636299584&g_mp=Cilnb29nbGUubWFwcy5wbGFjZXMudjEuUGxhY2VzLlNlYXJjaE5lYXJieRACGAQgAA,24.9538126,121.3470001,ChIJ3erEMR4faDQRQBPOpaW0IOk
15–20 km,17.45,茱蒂美語文理短期補習(建國國小 鶯歌國小)鶯歌安親班/鶯歌美語/鶯歌英文/鶯歌國中數學/鶯歌國中理化/鶯歌英檢補習班,新北市,鶯歌區,新北市鶯歌區南鶯里育英街21號,02 2678 6559,https://www.judy-english.com/,4.5,34,學校,OPERATIONAL,https://maps.google.com/?cid=16850024119125160988&g_mp=Cilnb29nbGUubWFwcy5wbGFjZXMudjEuUGxhY2VzLlNlYXJjaE5lYXJieRACGAQgAA,24.9550567,121.34694879999998,ChIJVYRxIKweaDQRHDQ4PalP1-k
15–20 km,17.46,鶯歌聖禾IvyEnglish-新北鶯歌補習班 課輔班 安親班 推薦 國小/兒童 美語班 英檢班 正音班 寒暑假夏令營 珠心算 自然發音班 外師主題課 麥塊電腦課 TutorABC,新北市,鶯歌區,新北市鶯歌區南鶯里育英街19號,02 8677 3222,https://www.facebook.com/YinggeShengher,5,122,學校,OPERATIONAL,https://maps.google.com/?cid=13378954287840532386&g_mp=Cilnb29nbGUubWFwcy5wbGFjZXMudjEuUGxhY2VzLlNlYXJjaE5lYXJieRACGAQgAA,24.955105000000003,121.34702089999999,ChIJVYRxIKweaDQRopfsQAqYq7k
15–20 km,17.47,學詮珠心算語文短期補習班,新北市,鶯歌區,新北市鶯歌區南鶯里育才街90號,02 2678 6728,,,,兒童照護機構,OPERATIONAL,https://maps.google.com/?cid=15482487916398881806&g_mp=Cilnb29nbGUubWFwcy5wbGFjZXMudjEuUGxhY2VzLlNlYXJjaE5lYXJieRACGAQgAA,24.954727,121.34718099999998,ChIJw47gGKweaDQRDqw78LrY3NY
15–20 km,17.56,長頸鹿美語-南崁光明分校 (宇成)安親/美語/英檢/國中/國一先修/升學/私校專班,桃園市,蘆竹區,桃園市蘆竹區福昌里南昌路264號1樓,03 312 2000,https://page.line.me/bvr9721q,3.7,3,學校,OPERATIONAL,https://maps.google.com/?cid=11898897354200560128&g_mp=Cilnb29nbGUubWFwcy5wbGFjZXMudjEuUGxhY2VzLlNlYXJjaE5lYXJieRACGAQgAA,25.039800099999997,121.29194079999998,ChIJu-TZnp4faDQRALL1vxlgIaU
15–20 km,17.64,奧斯汀美語 - 鶯歌建國分校 / 私立京英文理短期補習班,新北市,鶯歌區,新北市鶯歌區南鶯里建國路210巷4號,02 2678 8587,https://www.facebook.com/yinggeaustin/,5,18,學校,OPERATIONAL,https://maps.google.com/?cid=17952011757735515433&g_mp=Cilnb29nbGUubWFwcy5wbGFjZXMudjEuUGxhY2VzLlNlYXJjaE5lYXJieRACGAQgAA,24.953758399999998,121.34915489999997,ChIJPxiLa7MfaDQRKRV2b5RbIvk
15–20 km,17.65,大熊哥美語短期補習班 Big Brother Bear English School,新北市,鶯歌區,新北市鶯歌區南鶯里育才街29號,02 2670 7732,https://b3school.com/,4.9,44,學校,OPERATIONAL,https://maps.google.com/?cid=18432274182316596293&g_mp=Cilnb29nbGUubWFwcy5wbGFjZXMudjEuUGxhY2VzLlNlYXJjaE5lYXJieRACGAQgAA,24.9549466,121.3489229,ChIJqTADlFkfaDQRRZyV37WXzP8
15–20 km,18.55,文賢數理學苑-Live互動美語,新竹縣,竹北市,新竹縣竹北市竹仁里中山路251號,03 551 6586,https://www.facebook.com/wenshianzb,4.6,59,兒童照護機構,OPERATIONAL,https://maps.google.com/?cid=15856574093353569986&g_mp=Cilnb29nbGUubWFwcy5wbGFjZXMudjEuUGxhY2VzLlNlYXJjaE5lYXJieRACGAQgAA,24.835987,121.0194854,ChIJp01F98I2aDQRwk4ATSDeDdw
15–20 km,18.61,弋果美語新豐分校,新竹縣,新豐鄉,新竹縣新豐鄉忠孝村忠孝路129號,03 557 7937,https://www.facebook.com/eaglehsinfeng,3.7,29,學校,OPERATIONAL,https://maps.google.com/?cid=11952706487950066176&g_mp=Cilnb29nbGUubWFwcy5wbGFjZXMudjEuUGxhY2VzLlNlYXJjaE5lYXJieRACGAQgAA,24.879009,120.99930599999999,ChIJD1SZ00IxaDQRAELF_jiL4KU
15–20 km,18.78,良門珠心算美語短期補習班,桃園市,龜山區,桃園市龜山區龜山里自強東路198號,03 329 9280,,5,3,學校,OPERATIONAL,https://maps.google.com/?cid=12445602330240325670&g_mp=Cilnb29nbGUubWFwcy5wbGFjZXMudjEuUGxhY2VzLlNlYXJjaE5lYXJieRACGAQgAA,24.996558399999998,121.34430400000001,ChIJjYu06XweaDQRJpi_NWGpt6w
15–20 km,18.86,喬登美語 文興分校,新竹縣,竹北市,新竹縣竹北市隘口里高鐵九路52號2樓,03 612 9009,https://www.facebook.com/share/187mVxkYqZ/?mibextid=wwXIfr,,,學校,OPERATIONAL,https://maps.google.com/?cid=2767888211527971697&g_mp=Cilnb29nbGUubWFwcy5wbGFjZXMudjEuUGxhY2VzLlNlYXJjaE5lYXJieRACGAQgAA,24.8032379,121.0427837,ChIJzyLJEgc3aDQRcbMd2qmDaSY
15–20 km,18.92,三之三芎林分校＜鉅林補習班＞格蘭英語/MPM數學,新竹縣,芎林鄉,新竹縣芎林鄉芎林村文昌街222號,03 512 0033,https://www.facebook.com/pg/33winwin/about/,4.9,9,學校,OPERATIONAL,https://maps.google.com/?cid=156644005763506941&g_mp=Cilnb29nbGUubWFwcy5wbGFjZXMudjEuUGxhY2VzLlNlYXJjaE5lYXJieRACGAQgAA,24.7759963,121.0786921,ChIJzYt5ZfU3aDQR_WK6r-SCLAI
15–20 km,18.94,互動美語山崎校,新竹縣,新豐鄉,新竹縣新豐鄉山崎村學府路70號,03 557 2025,,4.8,33,學校,OPERATIONAL,https://maps.google.com/?cid=12414411095172997513&g_mp=Cilnb29nbGUubWFwcy5wbGFjZXMudjEuUGxhY2VzLlNlYXJjaE5lYXJieRACGAQgAA,24.873042899999998,120.9977603,ChIJcUfePN8xaDQRiWF03x3ZSKw
15–20 km,18.95,文強文理語文短期補習班,新北市,三峽區,新北市三峽區中埔里弘園街36巷8號,02 8671 1066,,5,1,學校,OPERATIONAL,https://maps.google.com/?cid=3237018137725364278&g_mp=Cilnb29nbGUubWFwcy5wbGFjZXMudjEuUGxhY2VzLlNlYXJjaE5lYXJieRACGAQgAA,24.9272977,121.36594199999999,ChIJx8vLmugbaDQRNuidhtgy7Cw
15–20 km,19.06,徐薇英文芎林文林分校-文林文理才藝補習班,新竹縣,芎林鄉,新竹縣芎林鄉文林村文德路30號1樓,03 592 1000,https://www.facebook.com/WinLinSchool?mibextid=ZbWKwL,4.8,63,兒童照護機構,OPERATIONAL,https://maps.google.com/?cid=1519035798172719987&g_mp=Cilnb29nbGUubWFwcy5wbGFjZXMudjEuUGxhY2VzLlNlYXJjaE5lYXJieRACGAQgAA,24.7761036,121.07586400000001,ChIJe8WqMB44aDQRc9svnwKzFBU
15–20 km,19.07,Live互動美語竹北文興分校 - 熠新,新竹縣,竹北市,新竹縣竹北市隘口里隘口三街206號,03 668 5581,https://www.facebook.com/profile.php?id=61582188993059,5,32,學校,OPERATIONAL,https://maps.google.com/?cid=9080127589191330602&g_mp=Cilnb29nbGUubWFwcy5wbGFjZXMudjEuUGxhY2VzLlNlYXJjaE5lYXJieRACGAQgAA,24.8024378,121.0407576,ChIJ65DWfa03aDQRKiv5DO8XA34
15–20 km,19.16,文特蘭補習班｜菓林分校（菓林國小)【國小安親課輔】【海豚鳥美語課程】【國中英數理化補習班】【升小一先修正音班】,桃園市,大園區,桃園市大園區菓林里菓林路137號,03 393 5427,https://wentelan.vercel.app/,5,13,學校,OPERATIONAL,https://maps.google.com/?cid=8869489318183529185&g_mp=Cilnb29nbGUubWFwcy5wbGFjZXMudjEuUGxhY2VzLlNlYXJjaE5lYXJieRACGAQgAA,25.0768178,121.2576754,ChIJpfDgsvSfQjQR4Wpz1YrBFns
15–20 km,19.5,高登波士頓語文文理短期補習班,新北市,三峽區,新北市三峽區大同路143號,02 8674 2866,,5,4,兒童照護機構,OPERATIONAL,https://maps.google.com/?cid=16884132785800534533&g_mp=Cilnb29nbGUubWFwcy5wbGFjZXMudjEuUGxhY2VzLlNlYXJjaE5lYXJieRACGAQgAA,24.926815,121.37138999999998,ChIJw-uW3-sbaDQRBdoqDlB9UOo
15–20 km,19.7,培淯語文短期補習班,新北市,三峽區,新北市三峽區中正里永安街188號1樓,02 2672 1035,,5,9,兒童照護機構,OPERATIONAL,https://maps.google.com/?cid=10681572769613628438&g_mp=Cilnb29nbGUubWFwcy5wbGFjZXMudjEuUGxhY2VzLlNlYXJjaE5lYXJieRACGAQgAA,24.9279567,121.3733262,ChIJxwbsd-wbaDQRFkROL9eRPJQ
15–20 km,19.86,樂獅英語竹北興隆分校 國小國中高中英文補習班・自然發音・全民英檢 竹北英文補習班推薦,新竹縣,竹北市,新竹縣竹北市鹿場里文興路195號,03 550 0887,https://www.facebook.com/happylionzhubei/,5,302,教育機構,OPERATIONAL,https://maps.google.com/?cid=13853490090923483113&g_mp=Cilnb29nbGUubWFwcy5wbGFjZXMudjEuUGxhY2VzLlNlYXJjaE5lYXJieRACGAQgAA,24.8158007,121.0185247,ChIJsYou-Vw3aDQR6V_juNZ7QcA
15–20 km,19.92,金蘋果語言中心-竹北教室,新竹縣,竹北市,新竹縣竹北市鹿場里成功十五街,0956 521 333,,,,學校,OPERATIONAL,https://maps.google.com/?cid=14312453235238107361&g_mp=Cilnb29nbGUubWFwcy5wbGFjZXMudjEuUGxhY2VzLlNlYXJjaE5lYXJieRACGAQgAA,24.812243700000003,121.02062459999999,ChIJl8tmPrA3aDQR4fjBBmMMoMY
15–20 km,19.93,私立汶喬語文短期補習班,新北市,三峽區,新北市三峽區中正里大同路88巷6號,02 2674 2314,,4,1,兒童照護機構,OPERATIONAL,https://maps.google.com/?cid=11054551923795664004&g_mp=Cilnb29nbGUubWFwcy5wbGFjZXMudjEuUGxhY2VzLlNlYXJjaE5lYXJieRACGAQgAA,24.928148999999998,121.37561799999999,ChIJ3fyIvewbaDQRhJzzuGeoaZk
15–20 km,19.94,私立資優英語會話短期補習班,新竹縣,竹北市,新竹縣竹北市新社里國盛街321號,03 656 2878,,4.2,5,學校,OPERATIONAL,https://maps.google.com/?cid=8845373364631860817&g_mp=Cilnb29nbGUubWFwcy5wbGFjZXMudjEuUGxhY2VzLlNlYXJjaE5lYXJieRACGAQgAA,24.8435919,120.99941380000001,ChIJZ5AarLw2aDQRUXaV2DUUwXo
