band,distance_km,name,reg_name,city,district,address,phone,email,website,rating,reviews,size_tier,seats_at_once,approved_capacity,approved_capacity_en,n_classes,classrooms,classroom_m2,building_m2,n_teachers,category,licensed_on,principal,director,match,reg_id,type,status,maps,lat,lng,place_id
0–5 km,0.74,D&V Art and English Academy 英語藝術學院,私立大衛與費雯莉英語短期補習班,桃園市,楊梅區,桃園市楊梅區四維里四維路62號,03 481 0548,dvenglish2021@gmail.com,,5,2,中型,198,198,198,3,3,73.08,210.65,1,外語類,2008-07-01,鄧泓敦,江筱書,address,33200807220007,學校,OPERATIONAL,https://maps.google.com/?cid=11706052368035496537&g_mp=Cilnb29nbGUubWFwcy5wbGFjZXMudjEuUGxhY2VzLlNlYXJjaE5lYXJieRACGAQgAA,24.9139281,121.18044069999999,ChIJjaZ1dFAjaDQRWULgfptAdKI
0–5 km,0.75,私立勝豐美語珠心算短期補習班,私立勝豐美語珠心算短期補習班,桃園市,楊梅區,桃園市楊梅區埔心里新興街35號,03 481 7643,li996110@gmail.com,http://www.anayeh.com/sf,5,12,小型,45,45,30,3,3,76.43,144.07,2,"外語類,商類：珠算、心算、會計",2002-02-20,葉至芹,黎桂容,address,33200209180017,學校,OPERATIONAL,https://maps.google.com/?cid=5622297850182312696&g_mp=Cilnb29nbGUubWFwcy5wbGFjZXMudjEuUGxhY2VzLlNlYXJjaE5lYXJieRACGAQgAA,24.918405999999997,121.18533300000001,ChIJMTkWf0MjaDQR-CKPRRtqBk4
0–5 km,0.89,空中美語兒童美語 楊梅艾奇德 分校,,桃園市,楊梅區,桃園市楊梅區四維里文化街96號,03 481 8811,,http://www.4kids.com.tw/,5,1,,,,,,,,,,,,,,,,兒童照護機構,OPERATIONAL,https://maps.google.com/?cid=1863695743369810872&g_mp=Cilnb29nbGUubWFwcy5wbGFjZXMudjEuUGxhY2VzLlNlYXJjaE5lYXJieRACGAQgAA,24.9145519,121.1842762,ChIJyVnDHUUjaDQRuBP3gGct3Rk
0–5 km,0.96,承恩美語補習班,環愛國際教育管理顧問股份有限公司附設私立承恩語文數學短期補習班,桃園市,楊梅區,桃園市楊梅區四維里四維路162號,03 481 1177,pipi_5016@yahoo.com.tw,,4.8,33,中型,162,156,54,6,6,190.82,282.26,4,外語類,2004-12-16,陳和順,陳雪芳,phone,33200507130011,學校,OPERATIONAL,https://maps.google.com/?cid=11221506505123687293&g_mp=Cilnb29nbGUubWFwcy5wbGFjZXMudjEuUGxhY2VzLlNlYXJjaE5lYXJieRACGAQgAA,24.912301000000003,121.18172340000001,ChIJ2as8PVAjaDQRfeuhWrbMups
0–5 km,3.03,甜蜜美語文理短期補習班,,桃園市,楊梅區,桃園市楊梅區裕成里裕成路158巷31號,03 431 4018,,,3,2,,,,,,,,,,,,,,,,學校,OPERATIONAL,https://maps.google.com/?cid=1919858757216377385&g_mp=Cilnb29nbGUubWFwcy5wbGFjZXMudjEuUGxhY2VzLlNlYXJjaE5lYXJieRACGAQgAA,24.898957000000003,121.15943100000001,ChIJYbBk4E87aDQRKRrOKl61pBo
0–5 km,3.3,愛美語楊梅大同二校-漢峰補習班,私立漢峰文理短期補習班梅高分班,桃園市,楊梅區,桃園市楊梅區楊梅里梅高路60號,03 488 2055,melody_cher@yahoo.com.tw,,5,2,小型,84,340,106,14,4,111.3,182.51,6,"文理類,外語類",2025-12-24,謝鳳璇,歐馥瑄,address,33202512290001,學校,OPERATIONAL,https://maps.google.com/?cid=16961882910019448895&g_mp=Cilnb29nbGUubWFwcy5wbGFjZXMudjEuUGxhY2VzLlNlYXJjaE5lYXJieRACGAQgAA,24.9172901,121.14555299999999,ChIJS3s3FgYlaDQRP3B6haO2ZOs
0–5 km,3.35,莫比思美語楊梅分校 智瀚語文補習班,私立智瀚語文短期補習班,桃園市,楊梅區,桃園市楊梅區楊梅里大平街23號,03 478 3105,april.chen1977@gmail.com,,4.8,4,小型,76,71,46,4,4,88.19,190.76,4,外語類,2012-06-04,陳宗婷,陳宗婷,address,33201209210003,兒童照護機構,OPERATIONAL,https://maps.google.com/?cid=882732199886006311&g_mp=Cilnb29nbGUubWFwcy5wbGFjZXMudjEuUGxhY2VzLlNlYXJjaE5lYXJieRACGAQgAA,24.9107126,121.14666640000002,ChIJlRS3NzU7aDQRJygBRkIYQAw
0–5 km,3.37,愛美語楊梅大同一校-漢峰語文文理補習班,私立漢峰語文文理短期補習班,桃園市,楊梅區,桃園市楊梅區楊梅里大平街62號,03 475 0803,melody_cher@yahoo.com.tw,https://www.facebook.com/hf4750803/?ref=bookmarks,5,21,中型,40,120,56,12,4,58.42,221.04,8,"文理類,外語類",2003-08-19,謝鳳璇,謝鳳璇,address,33200308260001,學校,OPERATIONAL,https://maps.google.com/?cid=14572345456801926781&g_mp=Cilnb29nbGUubWFwcy5wbGFjZXMudjEuUGxhY2VzLlNlYXJjaE5lYXJieRACGAQgAA,24.910870700000004,121.14639969999999,ChIJfQ3QwBs7aDQRfc70QPxeO8o
0–5 km,3.48,私立傑西美語短期補習班-楊梅兒童美語|推薦英文班|英文補習班|全美班|外師一對一|全民英檢課程|全科補習班|幼兒美語,私立傑西魔法美語文理短期補習班,桃園市,楊梅區,桃園市楊梅區楊梅里大模街33號57號,03 478 0758,jessiemagicschool@gmail.com,https://www.facebook.com/jessiemagicschooll/,4.9,104,中型,62,176,104,14,5,81.39,143.94,11,外語類,2002-10-11,廖月華,張秀蘭,address,33200211130003,兒童照護機構,OPERATIONAL,https://maps.google.com/?cid=10190572630728074260&g_mp=Cilnb29nbGUubWFwcy5wbGFjZXMudjEuUGxhY2VzLlNlYXJjaE5lYXJieRACGAQgAA,24.9118364,121.14486769999999,ChIJzQhw0DQ7aDQRFGRd0NAvbI0
0–5 km,3.48,政大聯合文理語文短期補習班,私立傑兒文理短期補習班,桃園市,楊梅區,桃園市楊梅區楊梅里大成路109號3F,0981 745 350,qaz62062009@gmail.com,,1,1,小型,80,118,20,5,4,128.13,185.33,1,"文理類,外語類",2009-06-23,張瑞智,張瑞智,address,33200909110003,學校,OPERATIONAL,https://maps.google.com/?cid=709538259725970128&g_mp=Cilnb29nbGUubWFwcy5wbGFjZXMudjEuUGxhY2VzLlNlYXJjaE5lYXJieRACGAQgAA,24.910428,121.14539099999999,ChIJcznwIDU7aDQR0OqDtUnJ2Ak
0–5 km,3.56,喬立安美語Joanne’s Language Program,私立喬立安美語短期補習班,桃園市,楊梅區,桃園市楊梅區楊江里大平街85號,03 485 4477,angelahsieh@qq.com,https://www.facebook.com/joannestw,4.6,10,小型,34,68,68,2,1,38.25,120.5,4,外語類,2008-06-04,謝幼珍,謝幼珍,address,33200807220002,學校,OPERATIONAL,https://maps.google.com/?cid=11250750969546028302&g_mp=Cilnb29nbGUubWFwcy5wbGFjZXMudjEuUGxhY2VzLlNlYXJjaE5lYXJieRACGAQgAA,24.910933099999998,121.1444006,ChIJeVfwshg7aDQRDjUs1GWyIpw
0–5 km,3.61,空中美語兒童美語 佶林文理短期補習班,私立佶林文理短期補習班,桃園市,楊梅區,桃園市楊梅區楊江里大平街126號,03 485 4778,m875205@yahoo.com.tw,,4.4,19,小型,30,122,30,12,3,39.98,107.7,8,外語類,2004-05-25,黃瓅靚,黃瓅靚,address,33200406250004,兒童照護機構,OPERATIONAL,https://maps.google.com/?cid=17027078322080113698&g_mp=Cilnb29nbGUubWFwcy5wbGFjZXMudjEuUGxhY2VzLlNlYXJjaE5lYXJieRACGAQgAA,24.9110952,121.1438123,ChIJvZ2PuDQ7aDQRIuRWRoVVTOw
0–5 km,3.66,凱思英語短期補習班,私立凱思英語文理短期補習班,桃園市,楊梅區,桃園市楊梅區永寧里永寧路一巷6號,03 485 4650,ksenglish05@gmail.com,https://www.facebook.com/ksenglishlanguageschool/,4.3,24,小型,24,216,75,26,3,31.0,77.73,10,外語類,2014-12-29,王敏而,明道增,phone,33201501270001,學校,OPERATIONAL,https://maps.google.com/?cid=5314190711464383295&g_mp=Cilnb29nbGUubWFwcy5wbGFjZXMudjEuUGxhY2VzLlNlYXJjaE5lYXJieRACGAQgAA,24.9031639,121.1471083,ChIJ3So4zTc7aDQRP9OD2UvMv0k
0–5 km,3.68,群勵文理美語補習班,私立群勵文理美語短期補習班,桃園市,楊梅區,桃園市楊梅區永寧里永寧路17巷2號,03 488 0637,,,5,5,小型,30,72,30,5,2,41.02,72.75,3,"文理類,外語類",2007-01-08,曾倩敏,曾倩敏,address,33200701110001,學校,OPERATIONAL,https://maps.google.com/?cid=1572116877325483114&g_mp=Cilnb29nbGUubWFwcy5wbGFjZXMudjEuUGxhY2VzLlNlYXJjaE5lYXJieRACGAQgAA,24.903121799999997,121.14697640000001,ChIJF-wC9b07aDQRarxhcvhH0RU
0–5 km,3.85,喬登美語(祥安分校),私立尼恩語文文理短期補習班,桃園市,平鎮區,桃園市平鎮區湧安里湧安路44號,03 419 2435,ange198100@yahoo.com.tw,http://www.nean-nei.com.tw/,4.8,41,小型,32,186,80,12,2,36.15,109.63,4,"文理類,外語類",2013-05-15,王錦慧,張國樑,phone,33201306140001,學校,OPERATIONAL,https://maps.google.com/?cid=9307923240357268090&g_mp=Cilnb29nbGUubWFwcy5wbGFjZXMudjEuUGxhY2VzLlNlYXJjaE5lYXJieRACGAQgAA,24.894544,121.20374400000001,ChIJ9TFbvM08aDQRegoZIt9iLIE
0–5 km,4.35,佑育語文文理短期補習班,,桃園市,楊梅區,桃園市楊梅區新榮里富榮路15號2樓,03 490 6733,,,5,2,,,,,,,,,,,,,,,,學校,OPERATIONAL,https://maps.google.com/?cid=6354447563662897004&g_mp=Cilnb29nbGUubWFwcy5wbGFjZXMudjEuUGxhY2VzLlNlYXJjaE5lYXJieRACGAQgAA,24.9568194,121.16269410000001,ChIJr2floXskaDQRbC_5T2SIL1g
0–5 km,4.39,長頸鹿美語-平鎮文化分校 文化國小補習班推薦 課輔班 兒童美語 國小英文 國小美語 小一先修班 正音班 英檢班,私立卓越大文理短期補習班,桃園市,平鎮區,桃園市平鎮區復旦里文化街186號,03 493 1210,jingjing1155@yahoo.com.tw,https://giraffe-pingzhen.weebly.com/,4.8,25,小型,30,30,,2,2,30.04,132.1,1,文理類,2009-07-06,胡菁芬,胡菁芬,address,33201111020001,學校,OPERATIONAL,https://maps.google.com/?cid=14553044571440577840&g_mp=Cilnb29nbGUubWFwcy5wbGFjZXMudjEuUGxhY2VzLlNlYXJjaE5lYXJieRACGAQgAA,24.9525965,121.20314959999999,ChIJkUsY3bojaDQRMH0kse7M9sk
0–5 km,4.4,雅典音樂語文短期補習班,私立雅典音樂語文短期補習班,桃園市,平鎮區,桃園市平鎮區復旦里文化街180號,03 493 5080,yinyizu@yahoo.com.tw,,1,1,大型,270,270,90,9,9,67.31,115.54,1,"外語類,音樂、舞蹈類",2006-12-22,鄞薏如,鄞薏如,address,33200612290001,學校,OPERATIONAL,https://maps.google.com/?cid=16844164562962163082&g_mp=Cilnb29nbGUubWFwcy5wbGFjZXMudjEuUGxhY2VzLlNlYXJjaE5lYXJieRACGAQgAA,24.952707,121.20313399999999,ChIJ_xBk3bojaDQRiiWVAW1-wuk
0–5 km,4.41,奧斯汀美語 微思分校,私立微思文理短期補習班,桃園市,平鎮區,桃園市平鎮區復旦里復旦路二段150巷271號,03 494 0020,blli8216@yahoo.com.tw,https://www.facebook.com/share/16r4j3onqR/?mibextid=wwXIfr,5,95,小型,48,148,96,12,4,59.98,138.34,2,文理類,2025-04-30,廖偉宏,廖偉宏,address,33202505020002,學校,OPERATIONAL,https://maps.google.com/?cid=16601075339749405021&g_mp=Cilnb29nbGUubWFwcy5wbGFjZXMudjEuUGxhY2VzLlNlYXJjaE5lYXJieRACGAQgAA,24.953066399999997,121.2027249,ChIJUcxSeWcjaDQRXbFCsxDeYuY
0–5 km,4.47,奧斯汀美語中平分校(松勇校),私立睿儀文理短期補習班,桃園市,中壢區,桃園市中壢區過嶺里松勇路39號,03 420 0817,shm7415@gmail.com,https://www.facebook.com/pages/category/Language-School/%E5%A5%A7%E6%96%AF%E6%B1%80%E7%BE%8E%E8%AA%9E%E4%B8%AD%E5%B9%B3%E5%88%86%E6%A0%A1-104044731308159/,4.3,29,小型,56,117,74,8,4,70.62,158.28,7,"文理類,外語類",2023-04-27,許惠敏,王奕翔,address,33202304280001,教育機構,OPERATIONAL,https://maps.google.com/?cid=10465279855178388811&g_mp=Cilnb29nbGUubWFwcy5wbGFjZXMudjEuUGxhY2VzLlNlYXJjaE5lYXJieRACGAQgAA,24.9590128,121.1665328,ChIJ6YvNKx4laDQRS5X1spQkPJE
0–5 km,4.53,小學堂文教機構 | Live互動美語,私立世一語文數學短期補習班,桃園市,平鎮區,桃園市平鎮區復旦里文化街88號,03 281 0128,julie_hmm@yahoo.com.tw,http://a99011240.jretc.net/index.html,4.9,121,小型,36,60,24,5,3,44.88,175.56,1,"外語類,其他類",2014-05-06,黃美寧,黃慶豊,phone,33201407140002,學校,OPERATIONAL,https://maps.google.com/?cid=3332216936380614174&g_mp=Cilnb29nbGUubWFwcy5wbGFjZXMudjEuUGxhY2VzLlNlYXJjaE5lYXJieRACGAQgAA,24.954159999999998,121.20300749999998,ChIJ82UTVrojaDQRHsaBF6ZpPi4
0–5 km,4.54,菲比斯英語,私立菲比斯文理短期補習班,桃園市,中壢區,桃園市中壢區過嶺里松德路125號,03 420 5140,joanne750312@gmail.com,,5,6,小型,34,153,68,9,2,42.47,146.67,2,文理類,2022-11-22,鍾瑞敏,黃俊偉,address,33202212080001,學校,OPERATIONAL,https://maps.google.com/?cid=3584561199786145630&g_mp=Cilnb29nbGUubWFwcy5wbGFjZXMudjEuUGxhY2VzLlNlYXJjaE5lYXJieRACGAQgAA,24.960269,121.1689743,ChIJdZNuAhMlaDQRXrfmXGvrvjE
0–5 km,4.56,建如文理補習班、MPM數學、空中美語文化分校,私立建如語文文理珠心算短期補習班,桃園市,平鎮區,桃園市平鎮區復旦里文化街72號,03 493 8800,cw.c224@msa.hinet.net,https://www.facebook.com/English4u.wenhua/,4.7,16,中型,590,708,118,6,5,119.22,210.87,6,"文理類,外語類",2008-10-09,張謙旺,張謙旺,address,33200810280003,學校,OPERATIONAL,https://maps.google.com/?cid=13242322295055546703&g_mp=Cilnb29nbGUubWFwcy5wbGFjZXMudjEuUGxhY2VzLlNlYXJjaE5lYXJieRACGAQgAA,24.9545066,121.2030132,ChIJLf8OUbojaDQRT3kFbvctxrc
0–5 km,4.57,明子園幼兒園/課後班/安親班/文化國小安親/美語安親/,,桃園市,平鎮區,桃園市平鎮區復旦里文化街68巷6號,03 494 5172,,,4.4,58,,,,,,,,,,,,,,,,幼稚園,OPERATIONAL,https://maps.google.com/?cid=2680290247858276349&g_mp=Cilnb29nbGUubWFwcy5wbGFjZXMudjEuUGxhY2VzLlNlYXJjaE5lYXJieRACGAQgAA,24.9547973,121.2027349,ChIJz8KGTbojaDQR_UeJlsdNMiU
0–5 km,4.59,大山美語文理補習班,私立大山美語文理短期補習班,桃園市,平鎮區,桃園市平鎮區北富里金陵路三段150巷2弄37-2號,03 458 9120,a0920138250@gmail.com,,3.8,5,小型,48,52,24,4,4,67.2,180.97,1,"文理類,外語類",2008-09-28,魏奕萱,劉效謙,phone,33200810280005,學校,OPERATIONAL,https://maps.google.com/?cid=533073149369859255&g_mp=Cilnb29nbGUubWFwcy5wbGFjZXMudjEuUGxhY2VzLlNlYXJjaE5lYXJieRACGAQgAA,24.9251418,121.22331439999998,ChIJBYcEsuQiaDQRtzx9ezTbZQc
0–5 km,4.6,小森林美語,私立小森林美語短期補習班,桃園市,平鎮區,桃園市平鎮區復興里文化街61號,,sherrybennykammy71@gmail.com,,4.5,16,中型,76,76,76,4,4,73.27,239.62,3,外語類,2002-10-24,鍾木昌,林佳慧,name,33200208200005,學校,OPERATIONAL,https://maps.google.com/?cid=7782109380727472788&g_mp=Cilnb29nbGUubWFwcy5wbGFjZXMudjEuUGxhY2VzLlNlYXJjaE5lYXJieRACGAQgAA,24.954863699999997,121.20313230000001,ChIJd2ikT7ojaDQRlAJ_GUCb_2s
0–5 km,4.62,加大美語,私立加大美語珠心算短期補習班,桃園市,平鎮區,桃園市平鎮區復興里廣德街93號,03 492 2061,chiata1688@gmail.com,,3.5,8,小型,45,45,30,3,3,57.51,104.26,2,"外語類,商類：珠算、心算、會計",2001-03-09,黃儷仁,黃儷仁,address,33200208210013,學校,OPERATIONAL,https://maps.google.com/?cid=498693267709005322&g_mp=Cilnb29nbGUubWFwcy5wbGFjZXMudjEuUGxhY2VzLlNlYXJjaE5lYXJieRACGAQgAA,24.9537682,121.2052329,ChIJzYodf7ojaDQRCo6sgeK26wY
0–5 km,4.75,錢老師語文音樂文理短期補習班,私立錢老師語文音樂文理短期補習班,桃園市,平鎮區,桃園市平鎮區復興里復興街16號,0912 252 612,s966928@gmail.com,,4.8,20,小型,74,72,23,4,4,88.42,178.97,1,"文理類,外語類",2014-11-18,錢曉昱,錢曉昱,address,33201412250003,學校,OPERATIONAL,https://maps.google.com/?cid=13339665974785607848&g_mp=Cilnb29nbGUubWFwcy5wbGFjZXMudjEuUGxhY2VzLlNlYXJjaE5lYXJieRACGAQgAA,24.9546125,121.20608750000001,ChIJmdzyl7AjaDQRqAh2CYcDILk
0–5 km,4.77,葛洛莉英語-平鎮校Ping Jen(文化國小 復旦國小 平興國小)平鎮兒童美語 平鎮英文補習班 平鎮美語 國小英文 國中英文 小一新生 高中英文,私立春華英語會話短期補習班,桃園市,平鎮區,桃園市平鎮區環南路66巷17弄14衖26號,03 494 8585,annachang1129@gmail.com,https://www.glo.com.tw/dist-pingzhen.html,5,757,大型,105,105,105,7,7,147.25,710.16,21,外語類,2002-08-30,張國俐,廖俊傑,address,33200301220007,兒童照護機構,OPERATIONAL,https://maps.google.com/?cid=2399269986938562045&g_mp=Cilnb29nbGUubWFwcy5wbGFjZXMudjEuUGxhY2VzLlNlYXJjaE5lYXJieRACGAQgAA,24.9552369,121.20545879999997,ChIJpbcUCrojaDQR_aW6W1frSyE
0–5 km,4.98,哥倫匹亞語文短期補習班,私立龍科國際美語村文理短期補習班,桃園市,龍潭區,桃園市龍潭區八德里梅龍路500號,03 489 1225,mikechang@arthouses.com.tw,,,,大型,132,191,92,6,4,147.84,552.25,1,"文理類,外語類",2024-01-31,張乃元,張乃元,address,33202402160001,學校,OPERATIONAL,https://maps.google.com/?cid=7218514729759551698&g_mp=Cilnb29nbGUubWFwcy5wbGFjZXMudjEuUGxhY2VzLlNlYXJjaE5lYXJieRACGAQgAA,24.8770424,121.1912218,ChIJHRCxA5U8aDQR0jA-weZQLWQ
0–5 km,4.98,龍潭國際美語村,私立龍科國際美語村文理短期補習班,桃園市,龍潭區,桃園市龍潭區八德里梅龍路500號,03 489 1225,mikechang@arthouses.com.tw,http://avi-school.org/,4.6,8,大型,132,191,92,6,4,147.84,552.25,1,"文理類,外語類",2024-01-31,張乃元,張乃元,address,33202402160001,教育機構,OPERATIONAL,https://maps.google.com/?cid=11529937537228790462&g_mp=Cilnb29nbGUubWFwcy5wbGFjZXMudjEuUGxhY2VzLlNlYXJjaE5lYXJieRACGAQgAA,24.8770424,121.1912218,ChIJHRCxA5U8aDQRvtr2FBqRAqA
5–10 km,5.0,薇閣語文短期補習班,私立薇閣語文短期補習班,桃園市,平鎮區,桃園市平鎮區北興里金陵路二段360號,03 457 0932,amilus326@gmail.com,,3.6,20,小型,78,84,20,3,3,67.21,120.61,3,外語類,2010-12-21,杜壹岳,邱佩玲,address,33201103080002,學校,OPERATIONAL,https://maps.google.com/?cid=13716747757068378667&g_mp=Cilnb29nbGUubWFwcy5wbGFjZXMudjEuUGxhY2VzLlNlYXJjaE5lYXJieRACGAQgAA,24.934987,121.22499330000001,ChIJCeWrj_giaDQRK2KyHWmtW74
5–10 km,5.04,吉的堡美語學校,私立聖儒美語短期補習班,桃園市,平鎮區,桃園市平鎮區北興里金陵路二段377-2號,03 428 8883,deep322611@yahoo.com.tw,http://www.kidcastle.com.tw/,3.3,7,小型,38,38,38,2,2,47.52,155.16,5,外語類,2006-05-11,徐毓惠,徐毓惠,address,33200612220006,教育機構,OPERATIONAL,https://maps.google.com/?cid=14216718545497890770&g_mp=Cilnb29nbGUubWFwcy5wbGFjZXMudjEuUGxhY2VzLlNlYXJjaE5lYXJieRACGAQgAA,24.935665999999998,121.225174,ChIJGQV1KlYiaDQR0h8cmDHuS8U
5–10 km,5.51,夏山美語,私立夏山美語短期補習班,桃園市,龍潭區,桃園市龍潭區百年里百年五街43號,03 480 2263,,https://summerhill-english.weebly.com/,5,3,小型,48,48,48,2,2,41.06,96.96,1,外語類,2016-07-19,范采綺,范采綺,address,33201608100001,學校,OPERATIONAL,https://maps.google.com/?cid=5288698627958463622&g_mp=Cilnb29nbGUubWFwcy5wbGFjZXMudjEuUGxhY2VzLlNlYXJjaE5lYXJieRACGAQgAA,24.880239700000004,121.21032500000001,ChIJ8aW1CNw8aDQRhlyPo2E7ZUk
5–10 km,5.51,喬登美語(潛龍分校),,桃園市,龍潭區,桃園市龍潭區烏樹林里中豐路418之1號,,,,,,,,,,,,,,,,,,,,,學校,OPERATIONAL,https://maps.google.com/?cid=3701273717901327733&g_mp=Cilnb29nbGUubWFwcy5wbGFjZXMudjEuUGxhY2VzLlNlYXJjaE5lYXJieRACGAQgAA,24.8812835,121.21193050000001,ChIJkWOiRNk8aDQRdX3_E9aQXTM
5–10 km,5.81,快樂園語文文理短期補習班,私立快樂園語文文理短期補習班,桃園市,楊梅區,桃園市楊梅區上田里楊新路四段37巷3弄19號,03 288 9060,happy370319@gmail.com,https://business.google.com/site/l/02286036876212200319?hl=zh-TW,5,4,小型,58,58,16,4,4,71.44,153.88,4,"文理類,外語類",2010-09-16,蘇少庠,蘇少庠,address,33201010150001,學校,OPERATIONAL,https://maps.google.com/?cid=12688579145237639145&g_mp=Cilnb29nbGUubWFwcy5wbGFjZXMudjEuUGxhY2VzLlNlYXJjaE5lYXJieRACGAQgAA,24.9365856,121.12338,ChIJn0t_bTglaDQR6a9RcIHjFrA
5–10 km,7.6,吉的堡美語學校(中壢大崙分校),,桃園市,中壢區,桃園市中壢區內厝里中正路四段70號,03 498 6090,,https://4986090.topschool.tw/Home/Main,4.5,8,,,,,,,,,,,,,,,,學校,OPERATIONAL,https://maps.google.com/?cid=5851113689963450877&g_mp=Cilnb29nbGUubWFwcy5wbGFjZXMudjEuUGxhY2VzLlNlYXJjaE5lYXJieRACGAQgAA,24.988563,121.1809872,ChIJvRml4FchaDQR_VGyhuZUM1E
5–10 km,7.6,學匯語文文理數學補習班 大崙校,私立學匯語文文理數學短期補習班大崙分班,桃園市,中壢區,桃園市中壢區內厝里中正路四段66號,03 408 0369,sharewe112010@yahoo.com.tw,https://www.facebook.com/p/%E5%AD%B8%E5%8C%AF%E6%96%87%E7%90%86%E8%A3%9C%E7%BF%92%E7%8F%AD-100057664171337/?locale=zh_TW,4.8,41,中型,104,219,52,10,4,104.14,214.14,1,"文理類,外語類,其他類",2021-09-01,廖楷文,廖麒文,address,33202109070001,學校,OPERATIONAL,https://maps.google.com/?cid=11919443886743720693&g_mp=Cilnb29nbGUubWFwcy5wbGFjZXMudjEuUGxhY2VzLlNlYXJjaE5lYXJieRACGAQgAA,24.9885602,121.1810252,ChIJ_3EL0sEhaDQR9ZKPJRBfaqU
5–10 km,7.61,奇飛美語珠算短期補習班,私立祥耀文理短期補習班,桃園市,中壢區,桃園市中壢區內厝里中正路四段85號2樓,03 498 0101,a0916826998@gmail.com,,,,小型,46,368,146,16,2,56.26,151.38,5,"文理類,外語類",2023-04-27,林玲瓏,林鈴蓁,phone,33202304280002,學校,OPERATIONAL,https://maps.google.com/?cid=12245866672060643921&g_mp=Cilnb29nbGUubWFwcy5wbGFjZXMudjEuUGxhY2VzLlNlYXJjaE5lYXJieRACGAQgAA,24.988681099999997,121.18035710000001,ChIJFeln2FchaDQRUTr4WtsO8qk
5–10 km,7.63,長頸鹿美語大崙分校,私立祥耀文理短期補習班,桃園市,中壢區,桃園市中壢區內厝里中正路四段107號,03 498 0101,a0916826998@gmail.com,https://giraffe-dayuan.weebly.com/,4.9,76,小型,46,368,146,16,2,56.26,151.38,5,"文理類,外語類",2023-04-27,林玲瓏,林鈴蓁,address,33202304280002,學校,OPERATIONAL,https://maps.google.com/?cid=9762046047280206172&g_mp=Cilnb29nbGUubWFwcy5wbGFjZXMudjEuUGxhY2VzLlNlYXJjaE5lYXJieRACGAQgAA,24.9888525,121.1799643,ChIJ_9rK4RIjaDQRXJEkkSjBeYc
5–10 km,7.65,碩成常春藤英語大崙校,私立碩成文理語文數學美術短期補習班,桃園市,中壢區,桃園市中壢區中正路四段88巷8號,03 498 4115,a0920231915@gmail.com,https://m.facebook.com/pages/category/Test-Preparation-Center/%E7%A2%A9%E6%88%90%E5%B8%B8%E6%98%A5%E8%97%A4%E8%8B%B1%E8%AA%9E%E5%A4%A7%E5%B4%99%E6%A0%A1-106843587572797/,4,21,中型,105,242,83,11,5,136.79,250.26,14,"文理類,外語類,美術、書法、攝影、美工設計、圍棋類",2019-06-26,王順仁,王順仁,address,33201907040001,學校,OPERATIONAL,https://maps.google.com/?cid=4729929452937876402&g_mp=Cilnb29nbGUubWFwcy5wbGFjZXMudjEuUGxhY2VzLlNlYXJjaE5lYXJieRACGAQgAA,24.9889869,121.1809663,ChIJJ6fSY-khaDQRshMF98YVpEE
5–10 km,7.65,挪亞美語作文短期補習班,,桃園市,龍潭區,桃園市龍潭區武漢里國聯街21號,03 499 6048,,,,,,,,,,,,,,,,,,,,學校,OPERATIONAL,https://maps.google.com/?cid=15215221383339262651&g_mp=Cilnb29nbGUubWFwcy5wbGFjZXMudjEuUGxhY2VzLlNlYXJjaE5lYXJieRACGAQgAA,24.8726177,121.232911,ChIJs2eyNDw9aDQRu0LdBDxTJ9M
5–10 km,7.75,逸薇美語短期補習班,私立逸薇美語短期補習班,桃園市,龍潭區,桃園市龍潭區武漢里武漢路50號,03 499 0697,h220378652@yahoo.com.tw,,5,1,小型,29,58,58,2,1,35.45,45.5,1,外語類,2006-06-23,潘芸菲,游家偉,address,33200612210010,學校,OPERATIONAL,https://maps.google.com/?cid=2784987015485436370&g_mp=Cilnb29nbGUubWFwcy5wbGFjZXMudjEuUGxhY2VzLlNlYXJjaE5lYXJieRACGAQgAA,24.872528499999998,121.23412759999998,ChIJoydigD49aDQR0rEVYu9CpiY
5–10 km,7.84,長頸鹿美語(武漢分校),私立阿里巴巴美語短期補習班,桃園市,龍潭區,桃園市龍潭區武漢里武漢路86號,03 489 0689,lydia0958010300@gmail.com,,3.9,18,小型,120,120,120,4,4,57.95,147.25,1,外語類,2004-09-07,郝蓓生,郝蓓生,address,33200609130001,學校,OPERATIONAL,https://maps.google.com/?cid=3710036910781997703&g_mp=Cilnb29nbGUubWFwcy5wbGFjZXMudjEuUGxhY2VzLlNlYXJjaE5lYXJieRACGAQgAA,24.871601599999998,121.23440380000001,ChIJZ7cncT49aDQRh6K_6umyfDM
5–10 km,7.94,艾立笙文理語文短期補習班,私立艾立笙文理語文短期補習班,桃園市,龍潭區,桃園市龍潭區中正里龍華路365號,03 409 0901,lue0922880612@gmail.com,,1,1,中型,68,70,15,4,4,82.77,281.72,1,"文理類,外語類",2007-05-10,呂梅台,呂梅台,address,33200707170012,學校,OPERATIONAL,https://maps.google.com/?cid=12688028577401609648&g_mp=Cilnb29nbGUubWFwcy5wbGFjZXMudjEuUGxhY2VzLlNlYXJjaE5lYXJieRACGAQgAA,24.8584657,121.21760599999999,ChIJC1o-FwI9aDQRsB0HYMTuFLA
5–10 km,8.52,王莉美語安親中心,,桃園市,楊梅區,桃園市楊梅區,,,,3.8,4,,,,,,,,,,,,,,,,兒童照護機構,OPERATIONAL,https://maps.google.com/?cid=17659105423038208687&g_mp=Cilnb29nbGUubWFwcy5wbGFjZXMudjEuUGxhY2VzLlNlYXJjaE5lYXJieRACGAQgAA,24.8999594,121.09665840000001,ChIJib8S35U6aDQRr9pd_9G-EfU
5–10 km,8.67,冠球語文珠算短期補習班,私立冠球語文珠算短期補習班,桃園市,中壢區,桃園市中壢區仁愛里榮民南路224號,03 466 8629,fjjot215038@yahoo.com.tw,,5,2,小型,33,64,37,4,3,64.34,123.16,1,"外語類,商類：珠算、心算、會計",2014-07-21,楊優華,李冠瑩,address,33201408180002,學校,OPERATIONAL,https://maps.google.com/?cid=4957700772940780852&g_mp=Cilnb29nbGUubWFwcy5wbGFjZXMudjEuUGxhY2VzLlNlYXJjaE5lYXJieRACGAQgAA,24.9524939,121.25640329999999,ChIJbxsKfQwiaDQRNJXQAZZKzUQ
5–10 km,8.93,科林外語,,桃園市,中壢區,桃園市中壢區華愛里榮民南路83號,,,,,,,,,,,,,,,,,,,,,學校,OPERATIONAL,https://maps.google.com/?cid=5360159746373528869&g_mp=Cilnb29nbGUubWFwcy5wbGFjZXMudjEuUGxhY2VzLlNlYXJjaE5lYXJieRACGAQgAA,24.9549929,121.25796489999999,ChIJyfDAXAkiaDQRJS3x1eMcY0o
5–10 km,9.28,邱老師美語短期補習班,私立邱老師美語短期補習班,桃園市,新屋區,桃園市新屋區新屋里新興街11號,0926 941 955,q4queen@yahoo.com.tw,,5,4,小型,14,14,14,1,1,37.87,68.82,1,外語類,2007-04-26,邱慧珍,邱慧珍,address,33200705040001,學校,OPERATIONAL,https://maps.google.com/?cid=10841667619523414826&g_mp=Cilnb29nbGUubWFwcy5wbGFjZXMudjEuUGxhY2VzLlNlYXJjaE5lYXJieRACGAQgAA,24.9722627,121.1061862,ChIJW3d7FqMlaDQRKkuMIkJXdZY
5–10 km,9.43,小學堂美語短期補習班,私立小學堂美語短期補習班,桃園市,新屋區,桃園市新屋區新屋里中正一街26巷7號,03 477 1886,sam687628@gmail.com,,5,1,小型,58,58,58,4,4,72.64,155.93,2,外語類,2008-11-10,林麗庭,曾銘頡,address,33200811100001,兒童照護機構,OPERATIONAL,https://maps.google.com/?cid=17132230300581656515&g_mp=Cilnb29nbGUubWFwcy5wbGFjZXMudjEuUGxhY2VzLlNlYXJjaE5lYXJieRACGAQgAA,24.9738777,121.10573230000001,ChIJXV06LaMlaDQRw3daHLDowe0
5–10 km,9.45,維吉尼亞文理語文短期補習班,,桃園市,楊梅區,桃園市楊梅區豐野里民富路三段924巷7號,03 472 7887,,,,,,,,,,,,,,,,,,,,學校,OPERATIONAL,https://maps.google.com/?cid=17301286997401734467&g_mp=Cilnb29nbGUubWFwcy5wbGFjZXMudjEuUGxhY2VzLlNlYXJjaE5lYXJieRACGAQgAA,24.93534,121.08592,ChIJmZ4VpVAlaDQRQw03pduEGvA
5–10 km,9.54,威齊語文短期補習班,私立威齊語文短期補習班,桃園市,新屋區,桃園市新屋區新生里新生五街8號2樓,03 477 9789,wikimsn@yahoo.com.tw,,,,小型,30,30,15,2,2,37.68,126.96,3,外語類,2011-11-02,黃錦增,廖胤琳,address,33201111220004,學校,OPERATIONAL,https://maps.google.com/?cid=16211324136502453195&g_mp=Cilnb29nbGUubWFwcy5wbGFjZXMudjEuUGxhY2VzLlNlYXJjaE5lYXJieRACGAQgAA,24.9745228,121.10485270000001,ChIJU4KeK70laDQRy-PxLmkx-uA
5–10 km,9.89,青宏美語珠心算短期補習班,私立青宏美語珠心算短期補習班,桃園市,大溪區,桃園市大溪區三元里三元三街14號,03 390 9931,osborn.live8@gmail.com,,,,小型,32,64,32,4,2,40.78,111.48,2,"外語類,商類：珠算、心算、會計",2002-08-27,黎萬賢,徐依筳,address,33200209170010,學校,OPERATIONAL,https://maps.google.com/?cid=5685864498803722242&g_mp=Cilnb29nbGUubWFwcy5wbGFjZXMudjEuUGxhY2VzLlNlYXJjaE5lYXJieRACGAQgAA,24.882619,121.26700600000001,ChIJHVmMQv8XaDQRAkgz_KI_6E4
5–10 km,9.89,馬林魚美語文理短期補習班,私立馬林魚美語文理短期補習班,桃園市,楊梅區,桃園市楊梅區豐野里信義街231號,03 472 1249,marlins231@gmail.com,https://m.facebook.com/%E9%A6%AC%E6%9E%97%E9%AD%9A%E8%A3%9C%E7%BF%92%E7%8F%AD-169022626596685/?ref=bookmarks,3.7,3,小型,40,80,40,2,1,44.78,104.53,2,"文理類,外語類",2008-04-28,李明翰,李明翰,address,33200806030002,學校,OPERATIONAL,https://maps.google.com/?cid=1731807927207520159&g_mp=Cilnb29nbGUubWFwcy5wbGFjZXMudjEuUGxhY2VzLlNlYXJjaE5lYXJieRACGAQgAA,24.936887,121.08174229999999,ChIJwYObKVglaDQRn-doYCKeCBg
10–15 km,10.06,茗雅文理美語短期補習班,,桃園市,大溪區,桃園市大溪區光明里三元一街31號,03 389 2327,,,,,,,,,,,,,,,,,,,,學校,OPERATIONAL,https://maps.google.com/?cid=16531274705841816831&g_mp=Cilnb29nbGUubWFwcy5wbGFjZXMudjEuUGxhY2VzLlNlYXJjaE5lYXJieRACGAQgAA,24.884108299999998,121.2696086,ChIJwZoSFQIYaDQR_wQaLsLiauU
10–15 km,10.1,文佑語文文理數學短期補習班,私立文佑語文文理數學短期補習班,桃園市,大溪區,桃園市大溪區光明里三元一街49號,03 390 9559,susan75117@yahoo.com.tw,,5,2,中型,96,103,31,7,6,87.56,169.5,4,"文理類,外語類",2001-03-13,金素芬,金素芬,address,33200208210016,學校,OPERATIONAL,https://maps.google.com/?cid=17602456463571825247&g_mp=Cilnb29nbGUubWFwcy5wbGFjZXMudjEuUGxhY2VzLlNlYXJjaE5lYXJieRACGAQgAA,24.8840219,121.26998940000001,ChIJeeljagIYaDQRXzJ6TeR8SPQ
10–15 km,10.23,Live互動美語中壢青埔加盟校/同學家(翻轉課後),私立同學家文理短期補習班,桃園市,中壢區,桃園市中壢區青埔里青商路56號1樓,03 287 8978,vicky2553@gmail.com,https://www.facebook.com/Liveabcahomefromhome,,,小型,44,172,84,8,2,52.21,119.46,3,"文理類,外語類",2022-12-23,陳建豪,王泰杰,address,33202212260002,學校,OPERATIONAL,https://maps.google.com/?cid=4238158386200350127&g_mp=Cilnb29nbGUubWFwcy5wbGFjZXMudjEuUGxhY2VzLlNlYXJjaE5lYXJieRACGAQgAA,25.005275100000002,121.21688770000002,ChIJn_2HlkohaDQRr41Q95j20Do
10–15 km,10.29,夏恩英語桃園大溪分校,私立瑞淇語文短期補習班,桃園市,大溪區,"號 No, No. 142仁善三街仁善里大溪區桃園市335",03 390 0868,Rachel.eagle102@gmail.com,https://www.facebook.com/RachelsEnglishSchool/?ref=aymt_homepage_panel,5,63,小型,36,36,12,3,3,44.6,124.61,3,外語類,2013-08-07,吳紀緯,繆知岑,phone,33201309170001,學校,OPERATIONAL,https://maps.google.com/?cid=17973680515661347222&g_mp=Cilnb29nbGUubWFwcy5wbGFjZXMudjEuUGxhY2VzLlNlYXJjaE5lYXJieRACGAQgAA,24.907762299999998,121.27925259999999,ChIJQX4Prm4YaDQRlrlaSjNXb_k
10–15 km,10.49,奧斯汀美語桃園八德分校,私立星點子文理技藝短期補習班,桃園市,八德區,桃園市八德區中正路178號1樓,03 368 2584,staroy0401@gmail.com,https://reurl.cc/j9NgYy,4.7,3,小型,39,199,56,15,3,49.36,82.63,3,"文理類,美術、書法、攝影、美工設計、圍棋類",2025-11-05,朱裕昌,楊玉媚,address,33202511050003,學校,OPERATIONAL,https://maps.google.com/?cid=10352962592592293844&g_mp=Cilnb29nbGUubWFwcy5wbGFjZXMudjEuUGxhY2VzLlNlYXJjaE5lYXJieRACGAQgAA,24.9274676,121.28189440000001,ChIJjRoIkWUZaDQR1O9eKKAcrY8
10–15 km,10.55,日進文理語文短期補習班,,桃園市,龍潭區,桃園市龍潭區建林里民族路216巷16弄3號,03 470 4629,,,,,,,,,,,,,,,,,,,,學校,OPERATIONAL,https://maps.google.com/?cid=11512969066118304067&g_mp=Cilnb29nbGUubWFwcy5wbGFjZXMudjEuUGxhY2VzLlNlYXJjaE5lYXJieRACGAQgAA,24.8405196,121.23477779999999,ChIJEcHDnKM9aDQRQ9EKCF5Ixp8
10–15 km,10.58,耕心幼兒園 【愛美語 仁善分校】安親班、美語班、補習班、正音班,私立立騰文理語文短期補習班,桃園市,大溪區,桃園市大溪區仁善里仁德七街35號,03 380 7073,van1030.tw@yahoo.com.tw,https://reurl.cc/XE0k2M,5,4,大型,40,40,20,4,4,275.22,955.32,2,"文理類,外語類",2006-11-30,呂明麗,賴宜慎,address,33200612190003,幼稚園,OPERATIONAL,https://maps.google.com/?cid=15402730174840453911&g_mp=Cilnb29nbGUubWFwcy5wbGFjZXMudjEuUGxhY2VzLlNlYXJjaE5lYXJieRACGAQgAA,24.9145513,121.28289050000001,ChIJ9YLcWtcZaDQRFzuOonx9wdU
10–15 km,10.62,愛丁堡語文短期補習班,私立愛丁堡語文短期補習班,桃園市,龍潭區,桃園市龍潭區建林里民族路294巷29號,0952 811 303,info@englishland.org,,5,3,中型,100,240,240,12,5,98.92,343.51,1,外語類,1999-03-16,吳莊暉,吳莊暉,name,33200207230025,學校,OPERATIONAL,https://maps.google.com/?cid=15103574266855413204&g_mp=Cilnb29nbGUubWFwcy5wbGFjZXMudjEuUGxhY2VzLlNlYXJjaE5lYXJieRACGAQgAA,24.839088,121.23359029999997,ChIJlWQYvL89aDQR1NWlBsasmtE
10–15 km,10.63,佳音英語桃德校,私立森日語文文理短期補習班,桃園市,八德區,桃園市八德區興中里中興街14號,03 368 0022,tw0983276700@gmail.com,https://www.facebook.com/share/1LTJQ3ujcV/?mibextid=LQQJ4d,5,7,中型,75,252,252,16,5,86.32,160.5,3,"文理類,外語類",2025-11-06,林志杰,葉柏萱,address,33202511060001,教育機構,OPERATIONAL,https://maps.google.com/?cid=2859334526894675409&g_mp=Cilnb29nbGUubWFwcy5wbGFjZXMudjEuUGxhY2VzLlNlYXJjaE5lYXJieRACGAQgAA,24.9269812,121.28327829999999,ChIJcRlXWo4ZaDQR0RWRUZplric
10–15 km,10.7,得分文理語文短期補習班,私立得分文理語文短期補習班,桃園市,龍潭區,桃園市龍潭區三林里民族路265號,03 480 1553,luhejing@ms96.url.com.tw,,3.7,3,小型,36,105,12,5,3,47.39,114.68,5,"文理類,外語類",2008-12-17,紀志融,董涵如,address,33200903240001,學校,OPERATIONAL,https://maps.google.com/?cid=10347944177935672648&g_mp=Cilnb29nbGUubWFwcy5wbGFjZXMudjEuUGxhY2VzLlNlYXJjaE5lYXJieRACGAQgAA,24.8390991,121.23514099999998,ChIJd1WMa6M9aDQRSGVtcWdIm48
10–15 km,10.79,競升文理美語短期補習班,,桃園市,龍潭區,桃園市龍潭區三林里民族路293巷16弄5號,03 499 3535,,,,,,,,,,,,,,,,,,,,學校,OPERATIONAL,https://maps.google.com/?cid=14376442160187614880&g_mp=Cilnb29nbGUubWFwcy5wbGFjZXMudjEuUGxhY2VzLlNlYXJjaE5lYXJieRACGAQgAA,24.838511999999998,121.23579199999999,ChIJAz6mPqM9aDQRoKbum_lhg8c
10–15 km,10.99,康大電腦文理美語短期補習班,私立康大電腦文理美語短期補習班,桃園市,觀音區,桃園市觀音區大同里中山路二段763巷23弄5號,03 498 9619,kda@kda.tw,,,,中型,24,96,24,4,1,35.02,260.01,1,"文理類,外語類,資訊類",1997-04-30,張世慈,張士蓮,name,33200207240024,學校,OPERATIONAL,https://maps.google.com/?cid=1430205591495836548&g_mp=Cilnb29nbGUubWFwcy5wbGFjZXMudjEuUGxhY2VzLlNlYXJjaE5lYXJieRACGAQgAA,25.0122739,121.1382623,ChIJByqNyJEmaDQRhAPjbGgc2RM
10–15 km,11.4,布萊登文理補習班-Live互動美語新坡校（MPM數學）,私立布萊登文理短期補習班,桃園市,觀音區,桃園市觀音區新坡里中山路二段522號,03 498 0741,kyle19970420@gmail.com,https://www.facebook.com/shinpobrighton,5,66,中型,115,240,148,10,5,151.04,264.21,3,"文理類,外語類",2023-02-13,黃嵐亞,林昀皜,address,33202302150001,兒童照護機構,OPERATIONAL,https://maps.google.com/?cid=18035018636804813228&g_mp=Cilnb29nbGUubWFwcy5wbGFjZXMudjEuUGxhY2VzLlNlYXJjaE5lYXJieRACGAQgAA,25.0143566,121.13313409999999,ChIJOW5rhOonaDQRrPFMhOVBSfo
10–15 km,11.43,澧森美語Listen To Me,私立澧森文理短期補習班,桃園市,大園區,桃園市大園區青山里領航北路三段223號2樓,03 287 0170,emily781021@gmail.com,https://www.facebook.com/profile.php?id=100088852862810&mibextid=LQQJ4d,4.6,10,大型,154,600,256,40,11,201.18,317.18,12,"文理類,外語類",2023-04-25,黃悅紅,黃悅紅,address,33202304250001,學校,OPERATIONAL,https://maps.google.com/?cid=10710909231072825876&g_mp=Cilnb29nbGUubWFwcy5wbGFjZXMudjEuUGxhY2VzLlNlYXJjaE5lYXJieRACGAQgAA,25.0180904,121.2129552,ChIJVXrDGK8haDQRFFKMYzLLpJQ
10–15 km,11.47,大英美語文理補習班,,桃園市,觀音區,桃園市觀音區新坡里文中路66號,03 498 7622,,,5,1,,,,,,,,,,,,,,,,學校,OPERATIONAL,https://maps.google.com/?cid=12106770343731689723&g_mp=Cilnb29nbGUubWFwcy5wbGFjZXMudjEuUGxhY2VzLlNlYXJjaE5lYXJieRACGAQgAA,25.015570399999998,121.13456490000002,ChIJDXOs0I0maDQR-3hcs3vjA6g
10–15 km,11.49,語捷語文短期補習班,,桃園市,觀音區,桃園市觀音區新坡里中山路二段470號,03 498 6819,,,5,1,,,,,,,,,,,,,,,,學校,OPERATIONAL,https://maps.google.com/?cid=9615573300021051170&g_mp=Cilnb29nbGUubWFwcy5wbGFjZXMudjEuUGxhY2VzLlNlYXJjaE5lYXJieRACGAQgAA,25.0147899,121.1321983,ChIJL_wFvI4maDQRIj98i_hgcYU
10–15 km,11.63,私立美亞美語短期補習班,私立美亞美語短期補習班,桃園市,大溪區,桃園市大溪區興和里中正路45號,03 388 0891,mayyaenglishschool@yahoo.com.tw,,3.7,13,小型,34,68,68,4,2,30.0,70.0,5,外語類,2000-09-28,簡雅惠,江衍君,address,33200208270011,兒童照護機構,OPERATIONAL,https://maps.google.com/?cid=16259423481686131422&g_mp=Cilnb29nbGUubWFwcy5wbGFjZXMudjEuUGxhY2VzLlNlYXJjaE5lYXJieRACGAQgAA,24.8830317,121.2859362,ChIJkS_23SEYaDQR3gKMroITpeE
10–15 km,11.69,私立成龍語文短期補習班,,桃園市,大溪區,桃園市大溪區福仁里登龍路20巷2號1樓,03 387 9867,,,,,,,,,,,,,,,,,,,,學校,OPERATIONAL,https://maps.google.com/?cid=15068509818082830298&g_mp=Cilnb29nbGUubWFwcy5wbGFjZXMudjEuUGxhY2VzLlNlYXJjaE5lYXJieRACGAQgAA,24.8835434,121.28676619999999,ChIJBeg-KyAYaDQR2idQ2dcZHtE
10–15 km,11.77,麋爾頓美語 Miltonkids Academy 兒童美語↗幼兒美語↗美語學習↗,私立麋爾頓文理技藝短期補習班,桃園市,大園區,桃園市大園區青峰里大勇路26號,03 287 8335,miltonkids2022@gmail.com,https://www.facebook.com/share/1PuJWpSzSM/?mibextid=wwXIfr,5,5,小型,36,135,72,14,4,50.45,148.7,3,"文理類,外語類,資訊類",2024-06-27,李亭慧,李亭慧,address,33202406270001,學校,OPERATIONAL,https://maps.google.com/?cid=4088211649515127756&g_mp=Cilnb29nbGUubWFwcy5wbGFjZXMudjEuUGxhY2VzLlNlYXJjaE5lYXJieRACGAQgAA,25.0196173,121.2184405,ChIJDUR0lKshaDQRzIP2v9U-vDg
10–15 km,11.78,Warmhood 暖夥英語,逗點國際教育事業股份有限公司附設私立逗點文理短期補習班展翅分班,桃園市,大園區,桃園市大園區青埔里大勇路31號,,wish124574318@gmail.com,https://www.facebook.com/share/1ALxrer6sB/?mibextid=wwXIfr,5,6,中型,120,364,96,15,6,178.22,337.7,2,"文理類,外語類",2023-02-10,徐暘智,黃偉婷,address,33202302100001,教育機構,OPERATIONAL,https://maps.google.com/?cid=14176765589222857384&g_mp=Cilnb29nbGUubWFwcy5wbGFjZXMudjEuUGxhY2VzLlNlYXJjaE5lYXJieRACGAQgAA,25.019614600000004,121.21876890000001,ChIJyw1mYrIhaDQRqBqcETH9vcQ
10–15 km,11.79,【逗點教室-青園展翅校】青園國小安親班/青埔補習班/資優數學/自然科學實驗/兒童美語,逗點國際教育事業股份有限公司附設私立逗點文理短期補習班展翅分班,桃園市,大園區,桃園市大園區青峰里大勇路33號,03 287 3931,wish124574318@gmail.com,http://comma.study/,5,153,中型,120,364,96,15,6,178.22,337.7,2,"文理類,外語類",2023-02-10,徐暘智,黃偉婷,address,33202302100001,學校,OPERATIONAL,https://maps.google.com/?cid=9846410775888078682&g_mp=Cilnb29nbGUubWFwcy5wbGFjZXMudjEuUGxhY2VzLlNlYXJjaE5lYXJieRACGAQgAA,25.019582099999997,121.2190134,ChIJjWM2DRAhaDQRWidjoW56pYg
10–15 km,11.85,奧斯汀美語 桃園龍山分校,私立煦恩文理短期補習班,桃園市,桃園區,桃園市桃園區龍壽里龍泉六街22號1樓,03 370 9247,austinlongshanlife@gmail.com,https://www.facebook.com/profile.php?id=61580289115110,5,16,中型,44,227,100,11,2,48.04,249.66,3,"文理類,外語類",2026-06-02,黃鈺婷,黃鈺婷,address,33202606030001,學校,OPERATIONAL,https://maps.google.com/?cid=72871809881523559&g_mp=Cilnb29nbGUubWFwcy5wbGFjZXMudjEuUGxhY2VzLlNlYXJjaE5lYXJieRACGAQgAA,24.983910599999998,121.27247579999998,ChIJQwgZPk4faDQRZ8UgZobkAgE
10–15 km,11.9,青埔【個別指導】補習班❤️安親.美語.鋼琴.數學.多益.甲蟲飼育.程式語言.AI機器人.APCS大學程式設計.動力積木.國中會考.高中學測.國文.英文.數學.物理.化學.生物.地球科學.社會.自學生升學輔導.親子共學.育林文化,私立希言文理短期補習班,桃園市,大園區,桃園市大園區大華一街28號,0900 187 246,lee8810@gmail.com,https://www.facebook.com/profile.php?id=100064001738820,5,62,小型,42,286,86,20,3,49.44,148.7,2,"文理類,外語類",2025-03-19,李育林,李育林,address,33202503190001,教育機構,OPERATIONAL,https://maps.google.com/?cid=11659924220272489277&g_mp=Cilnb29nbGUubWFwcy5wbGFjZXMudjEuUGxhY2VzLlNlYXJjaE5lYXJieRACGAQgAA,25.0205633,121.21943409999999,ChIJcYSmqN8haDQRPbNQKU1f0KE
10–15 km,11.94,Red Rock English 紅石美語-大園/中壢/青埔|青園國小/青埔國小/兒童美語|外師英文|幼兒美語|美語補習班|課後英文|國小英文|國小美語|國小安親,私立紅石美語文理短期補習班,桃園市,大園區,桃園市大園區青峰里大成路二段39號,03 287 7727,redrockenglish.jerrylin@gmail.com,https://www.facebook.com/RedRockEnglish/,5,11,小型,72,366,144,18,3,75.0,180.31,3,"文理類,外語類",2025-11-10,林宇晨,林宇晨,address,33202511100002,學校,OPERATIONAL,https://maps.google.com/?cid=17755332729122960395&g_mp=Cilnb29nbGUubWFwcy5wbGFjZXMudjEuUGxhY2VzLlNlYXJjaE5lYXJieRACGAQgAA,25.020518799999998,121.2204841,ChIJk8XDpPchaDQRC7Q9nAudZ_Y
10–15 km,12.21,私立育英文理短期補習班,私立育英文理短期補習班,桃園市,大溪區,桃園市大溪區田心里民權東路93號,03 387 1549,ydmkininm1209@gmail.com,,3.3,12,小型,18,36,,2,1,33.8,180.81,1,文理類,1996-04-05,彭欣誼,彭欣誼,address,33200207240047,學校,OPERATIONAL,https://maps.google.com/?cid=6123919915457803578&g_mp=Cilnb29nbGUubWFwcy5wbGFjZXMudjEuUGxhY2VzLlNlYXJjaE5lYXJieRACGAQgAA,24.882209099999997,121.291663,ChIJUbWZsSYYaDQROnXNmbeI_FQ
10–15 km,12.29,學子語文文理短期補習班,,桃園市,大溪區,桃園市大溪區一心里文化路161號,03 387 3139,,,,,,,,,,,,,,,,,,,,學校,OPERATIONAL,https://maps.google.com/?cid=9578364227841256178&g_mp=Cilnb29nbGUubWFwcy5wbGFjZXMudjEuUGxhY2VzLlNlYXJjaE5lYXJieRACGAQgAA,24.877785,121.290627,ChIJWxS1B4oXaDQR8mrJUYQv7YQ
10–15 km,12.39,私立小熊文理語文珠心算數學短期補習班,私立小熊文理語文珠心算數學短期補習班,桃園市,大溪區,桃園市大溪區文化路81號1F,03 387 2097,BlackHsiao@me.com,https://www.facebook.com/bear3872097,,,小型,38,181,15,10,2,43.8,110.67,3,"商類：珠算、心算、會計,其他類",2001-11-06,蕭宇廷,蕭宇廷,address,33200209160001,學校,OPERATIONAL,https://maps.google.com/?cid=15787240832110128572&g_mp=Cilnb29nbGUubWFwcy5wbGFjZXMudjEuUGxhY2VzLlNlYXJjaE5lYXJieRACGAQgAA,24.881391999999998,121.29330679999998,ChIJu-a_kiYYaDQRvG13deSLF9s
10–15 km,12.45,喬登美語,,桃園市,蘆竹區,桃園市蘆竹區新興里文中路一段19巷36號,080 003 7789,,,3,2,,,,,,,,,,,,,,,,兒童照護機構,OPERATIONAL,https://maps.google.com/?cid=147883186273943520&g_mp=Cilnb29nbGUubWFwcy5wbGFjZXMudjEuUGxhY2VzLlNlYXJjaE5lYXJieRACGAQgAA,24.9913292,121.27359109999999,ChIJY5mC2tSpQjQR4H8ccvliDQI
10–15 km,12.58,私立兒童星球美語短期補習班,,桃園市,桃園區,桃園市桃園區龍安里國豐十街258號,03 360 0292,,,4.3,6,,,,,,,,,,,,,,,,學校,OPERATIONAL,https://maps.google.com/?cid=18370209368332522681&g_mp=Cilnb29nbGUubWFwcy5wbGFjZXMudjEuUGxhY2VzLlNlYXJjaE5lYXJieRACGAQgAA,24.991785399999998,121.27484140000001,ChIJX--El2gfaDQRuVQDSRcY8P4
10–15 km,12.58,喬登美語(大成分校),私立維一語文文理短期補習班,桃園市,八德區,桃園市八德區大成里福僑街39號,03 371 4237,wei.yi624@msa.hinet.net,,4.5,11,小型,54,108,54,4,2,65.94,171.56,2,"文理類,外語類",2011-07-18,鄭銀福,鄭銀福,address,33201107180001,學校,OPERATIONAL,https://maps.google.com/?cid=13133463996729627691&g_mp=Cilnb29nbGUubWFwcy5wbGFjZXMudjEuUGxhY2VzLlNlYXJjaE5lYXJieRACGAQgAA,24.958541999999998,121.2955987,ChIJSVzWvM0YaDQRK5Rzw-tvQ7Y
10–15 km,12.59,夏恩英語 桃園大成校,,桃園市,八德區,桃園市八德區大和里建國路1110號,03 363 7598,,,5,8,,,,,,,,,,,,,,,,教育機構,OPERATIONAL,https://maps.google.com/?cid=8240594889294549895&g_mp=Cilnb29nbGUubWFwcy5wbGFjZXMudjEuUGxhY2VzLlNlYXJjaE5lYXJieRACGAQgAA,24.956699099999998,121.2964148,ChIJTU_x-sAZaDQRhxNNKmR5XHI
10–15 km,12.62,桃園市私立艾普樂斯英語補習班,私立艾普樂斯英語短期補習班,桃園市,八德區,桃園市八德區大成里大成街61號 號,03 363 6276,aplus033636276@yahoo.com.tw,,,,小型,30,30,30,3,3,37.18,87.69,1,外語類,2004-11-26,張愛琳,張愛琳,address,33200507120003,學校,OPERATIONAL,https://maps.google.com/?cid=12900452177462876946&g_mp=Cilnb29nbGUubWFwcy5wbGFjZXMudjEuUGxhY2VzLlNlYXJjaE5lYXJieRACGAQgAA,24.957714199999998,121.2962628,ChIJFeahks0YaDQREtuW5-ecB7M
10–15 km,12.63,Live互動美語桃園龍安分校（龍安甲子）,私立龍安甲子文理短期補習班,桃園市,桃園區,桃園市桃園區龍安里國強十三街104號,03 370 9123,laserpda@gmail.com,https://www.facebook.com/austinlonganschool,5,13,小型,30,182,122,12,2,39.52,101.47,1,文理類,2025-01-06,劉湘鈴,劉湘鈴,address,33202501070001,學校,OPERATIONAL,https://maps.google.com/?cid=6861916949558970956&g_mp=Cilnb29nbGUubWFwcy5wbGFjZXMudjEuUGxhY2VzLlNlYXJjaE5lYXJieRACGAQgAA,24.992203099999998,121.27508139999999,ChIJAQd2L08faDQRTMqxEBxtOl8
10–15 km,12.63,經典補習班-大成分校國小部(徐薇英文)-大成國小補習班/八德數學班/八德兒童美語/八德作文班/八德安親班,私立經典文理美語短期補習班,桃園市,八德區,桃園市八德區大成里大成街67號,03 376 1116,long168hair@gmail.com,https://www.facebook.com/%E7%B6%93%E5%85%B8%E8%A3%9C%E7%BF%92%E7%8F%AD-%E5%BE%90%E8%96%87%E8%8B%B1%E6%96%87-%E5%9C%8B%E5%B0%8F%E9%83%A8-1830379323887907/,4.6,91,中型,92,93,93,5,5,116.28,256.94,5,"文理類,外語類",2005-01-31,簡志銘,簡志銘,address,33200507040007,學校,OPERATIONAL,https://maps.google.com/?cid=4820511775959319611&g_mp=Cilnb29nbGUubWFwcy5wbGFjZXMudjEuUGxhY2VzLlNlYXJjaE5lYXJieRACGAQgAA,24.9577556,121.2963669,ChIJZf2zWQEZaDQRO4Skievl5UI
10–15 km,12.65,承信短期美語補習班,,桃園市,八德區,桃園市八德區,,,,,,,,,,,,,,,,,,,,,學校,OPERATIONAL,https://maps.google.com/?cid=10480629542619071215&g_mp=Cilnb29nbGUubWFwcy5wbGFjZXMudjEuUGxhY2VzLlNlYXJjaE5lYXJieRACGAQgAA,24.956804899999998,121.29698080000001,ChIJMSj0B9IYaDQR70JGTgqtcpE
10–15 km,12.72,佳祥文理短期補習班(中興國中 永豐國中 桃園國中)桃園國一先修 英文 數學 會考補習班 全科班 高一數學班,私立佳祥文理短期補習班,桃園市,桃園區,桃園市桃園區龍鳳里國豐三街13號5樓,03 379 5379,peiwenlee0807@hotmail..com,https://jia-xiang.articulation.website/,5,63,小型,72,70,17,4,4,85.44,141.85,6,文理類,2010-10-28,李佩紋,李佩紋,phone,33201010280001,學校,OPERATIONAL,https://maps.google.com/?cid=11989558217325762679&g_mp=Cilnb29nbGUubWFwcy5wbGFjZXMudjEuUGxhY2VzLlNlYXJjaE5lYXJieRACGAQgAA,24.988014,121.27981100000001,ChIJYcbfH2ofaDQRd1iR3ax3Y6Y
10–15 km,12.85,私立柏林語文文理短期補習班,私立柏林語文文理短期補習班,桃園市,桃園區,桃園市桃園區龍鳳里龍安街119號2 樓,03 378 6458,bolinei@outlook.com,,3,2,中型,138,136,48,6,6,174.32,282.67,4,"文理類,外語類",2009-11-16,吳秉澤,吳秉澤,address,33200911160001,兒童照護機構,OPERATIONAL,https://maps.google.com/?cid=7801825727646148257&g_mp=Cilnb29nbGUubWFwcy5wbGFjZXMudjEuUGxhY2VzLlNlYXJjaE5lYXJieRACGAQgAA,24.9900201,121.27972670000001,ChIJkeMH2GsfaDQRoSba1ymnRWw
10–15 km,12.85,吉的堡美語,私立立人文理短期補習班大成分班,桃園市,八德區,桃園市八德區大和里介壽路二段34號2樓,,kaikai721021@gmail.com,,2,4,大型,200,200,108,4,4,281.81,409.84,2,"文理類,外語類",2005-03-23,曾旻愷,孫家皓,address,33200507080004,學校,OPERATIONAL,https://maps.google.com/?cid=2320821223733016244&g_mp=Cilnb29nbGUubWFwcy5wbGFjZXMudjEuUGxhY2VzLlNlYXJjaE5lYXJieRACGAQgAA,24.957108599999998,121.29892400000001,ChIJV2Px7EsZaDQRtDbLU5s2NSA
10–15 km,12.85,私立立天文理美語短期補習班,私立立人文理短期補習班大成分班,桃園市,八德區,桃園市八德區大和里介壽路二段34號,03 371 1000,kaikai721021@gmail.com,,1,1,大型,200,200,108,4,4,281.81,409.84,2,"文理類,外語類",2005-03-23,曾旻愷,孫家皓,address,33200507080004,學校,OPERATIONAL,https://maps.google.com/?cid=4105081208091396340&g_mp=Cilnb29nbGUubWFwcy5wbGFjZXMudjEuUGxhY2VzLlNlYXJjaE5lYXJieRACGAQgAA,24.9569366,121.2989824,ChIJbfsSOtIYaDQR9Ehr7pst-Dg
10–15 km,12.99,奧斯汀美語桃園大湳二校,私立葛萊文理短期補習班八德分班,桃園市,八德區,桃園市八德區大忠里介壽路一段985號,03 361 0885,today7624@gmail.com,,5,4,中型,115,255,186,10,5,142.28,285.11,3,"文理類,外語類",2023-07-21,蘇哲平,葉嘉茹,address,33202307250001,學校,OPERATIONAL,https://maps.google.com/?cid=16859520172317723614&g_mp=Cilnb29nbGUubWFwcy5wbGFjZXMudjEuUGxhY2VzLlNlYXJjaE5lYXJieRACGAQgAA,24.958772,121.2997327,ChIJS--ar7UZaDQR3suHakUM-ek
10–15 km,13.15,冠軒美語數學作文短期補習班（龍安分校）,私立冠軒美語數學作文短期補習班,桃園市,桃園區,桃園市桃園區龍岡里上海路117號,03 370 4558,ty93650989@gmail.com,,4.9,13,中型,60,60,15,4,4,99.0,235.81,2,"外語類,商類：珠算、心算、會計",2010-02-01,詹珺羽,吳孟珈,address,33201002010002,學校,OPERATIONAL,https://maps.google.com/?cid=16876386804591183682&g_mp=Cilnb29nbGUubWFwcy5wbGFjZXMudjEuUGxhY2VzLlNlYXJjaE5lYXJieRACGAQgAA,24.99152,121.282253,ChIJu4eneGwfaDQRQke_Q2L4NOo
10–15 km,13.23,冠昱補習班 （湖口國高中補習班）《國中全科班》1對1家教班｜全民英檢班｜私中衝刺班,,新竹縣,湖口鄉,新竹縣湖口鄉中正村中正路二段340號,03 599 1431,,https://lin.ee/cIL0Q0X,4,86,,,,,,,,,,,,,,,,學校,OPERATIONAL,https://maps.google.com/?cid=7758938077229246793&g_mp=Cilnb29nbGUubWFwcy5wbGFjZXMudjEuUGxhY2VzLlNlYXJjaE5lYXJieRACGAQgAA,24.888522,121.05168099999999,ChIJLThmz_UwaDQRSWmAlxJJrWs
10–15 km,13.39,佳音英語湖口校,新竹縣私立宏潤文理短期補習班,新竹縣,湖口鄉,新竹縣湖口鄉愛勢村民族街175號,03 699 3077,hugo.joy.joy@gmail.com,,4.8,462,大型,192,330,150,20,12,270.07,586.87,10,文理類,2020-09-28,陳惠婷,陳惠婷,phone,36202009290001,學校,OPERATIONAL,https://maps.google.com/?cid=11080097178541350642&g_mp=Cilnb29nbGUubWFwcy5wbGFjZXMudjEuUGxhY2VzLlNlYXJjaE5lYXJieRACGAQgAA,24.904961,121.04645099999999,ChIJsTs5Q0UwaDQR8t7D061pxJk
10–15 km,13.6,凱瑟琳美語文理補習班,新竹縣私立凱瑟琳美語文理短期補習班,新竹縣,湖口鄉,新竹縣湖口鄉德盛村成功路62-1號,03 599 1775,catherine5991775@gmail.com,,5,2,小型,50,100,100,2,1,30.03,79.72,5,外語類,2004-05-31,涂美珍,涂美珍,phone,36200406100001,兒童照護機構,OPERATIONAL,https://maps.google.com/?cid=9713764555554113044&g_mp=Cilnb29nbGUubWFwcy5wbGFjZXMudjEuUGxhY2VzLlNlYXJjaE5lYXJieRACGAQgAA,24.9062052,121.04416739999998,ChIJyYy15WcxaDQRFEaVxWU5zoY
10–15 km,13.98,約拿美語短期補習班,新竹縣私立約拿美語短期補習班,新竹縣,關西鎮,新竹縣關西鎮西安里正義路111之6號,03 517 1245,eunipage@gmail.com,,5,1,小型,10,20,20,2,1,53.09,113.84,1,外語類,2010-08-05,鍾政良,鍾政良,phone,36201008050001,學校,OPERATIONAL,https://maps.google.com/?cid=18247875052884327115&g_mp=Cilnb29nbGUubWFwcy5wbGFjZXMudjEuUGxhY2VzLlNlYXJjaE5lYXJieRACGAQgAA,24.79457,121.17547999999998,ChIJ2X8vx8s-aDQRy_rh4K15Pf0
10–15 km,13.98,葛洛莉英語-大竹校Da Chu(大竹國小 新莊國小 新興國小 大華國小 五權國小)大竹兒童美語 大竹英文補習班 大竹美語 蘆竹美語 小一新生 英文補習 國小英文 國中英文 高中英文,私立大灣美語短期補習班大竹分班,桃園市,蘆竹區,桃園市蘆竹區大竹里大新路131號,03 313 5130,annachang1129@gmail.com,http://www.glo.com.tw/,5,685,大型,190,302,302,16,10,217.25,398.73,19,外語類,2006-06-19,張鳳玶,姚佳慈,address,33200612220009,兒童照護機構,OPERATIONAL,https://maps.google.com/?cid=3178985590916278911&g_mp=Cilnb29nbGUubWFwcy5wbGFjZXMudjEuUGxhY2VzLlNlYXJjaE5lYXJieRACGAQgAA,25.024732099999998,121.25537439999998,ChIJCQVZjCUgaDQRf2qmTI0GHiw
10–15 km,14.04,薪傳巨人升學文理補習班&Live互動美語湖口信勢分校,,新竹縣,湖口鄉,新竹縣湖口鄉中正村中山路一段588號,03 590 6111,,https://www.facebook.com/people/%E8%96%AA%E5%82%B3%E5%B7%A8%E4%BA%BA%E5%8D%87%E5%AD%B8%E8%A3%9C%E7%BF%92%E7%8F%AD/100092241100023/,4.2,19,,,,,,,,,,,,,,,,學校,OPERATIONAL,https://maps.google.com/?cid=6488921225147460106&g_mp=Cilnb29nbGUubWFwcy5wbGFjZXMudjEuUGxhY2VzLlNlYXJjaE5lYXJieRACGAQgAA,24.8945567,121.041866,ChIJ68f4EM8xaDQRCipoeHlHDVo
10–15 km,14.12,MPM數學 常春藤英語 新埔分校,,新竹縣,新埔鎮,新竹縣新埔鎮四座里中正路192號,03 589 7903,,,4.4,13,,,,,,,,,,,,,,,,兒童照護機構,OPERATIONAL,https://maps.google.com/?cid=17167602513746233672&g_mp=Cilnb29nbGUubWFwcy5wbGFjZXMudjEuUGxhY2VzLlNlYXJjaE5lYXJieRACGAQgAA,24.826931000000002,121.08327100000001,ChIJ_xRwpOM5aDQRSInyRIeTP-4
10–15 km,14.15,愛美語關西分校-立人文理補習班,新竹縣私立立人文理技藝短期補習班,新竹縣,關西鎮,新竹縣關西鎮西安里北平路106號,03 587 1670,windwogi@gmail.com,https://www.facebook.com/%E6%84%9B%E7%BE%8E%E8%AA%9E%E9%97%9C%E8%A5%BF%E5%88%86%E6%A0%A1-100496242582188,,,中型,158,1623,528,42,4,189.17,228.33,5,文理類,2010-01-25,張榮勳,張榮勳,address,36201001280002,兒童照護機構,OPERATIONAL,https://maps.google.com/?cid=3830126852697435119&g_mp=Cilnb29nbGUubWFwcy5wbGFjZXMudjEuUGxhY2VzLlNlYXJjaE5lYXJieRACGAQgAA,24.793051900000002,121.1740264,ChIJa0UGmzI_aDQR7yu3YxRYJzU
10–15 km,14.19,大翰文理美語補習班,私立哲思文理短期補習班,桃園市,觀音區,桃園市觀音區草新里四維路29號,,zest.teacher@gmail.com,,,,中型,75,177,127,12,6,90.62,155.26,1,"文理類,外語類",2025-09-01,葉琳珍,葉琳珍,address,33202509050002,學校,CLOSED_TEMPORARILY,https://maps.google.com/?cid=12958951856420763028&g_mp=Cilnb29nbGUubWFwcy5wbGFjZXMudjEuUGxhY2VzLlNlYXJjaE5lYXJieRACGAQgAA,25.043723399999998,121.1424201,ChIJ90J_IBwnaDQRlDVZzw1y17M
10–15 km,14.19,奧斯汀美語 大竹分校,私立光樹文理語文短期補習班,桃園市,蘆竹區,桃園市蘆竹區大竹里大竹路600號,03 313 1397,yvonne11212@yahoo.com.tw,https://www.facebook.com/austinenglishlight/,4.9,15,小型,52,86,86,5,3,62.99,109.92,1,"文理類,外語類",2021-08-16,呂曉芳,呂曉芳,address,33202108160001,學校,OPERATIONAL,https://maps.google.com/?cid=17325832122382422480&g_mp=Cilnb29nbGUubWFwcy5wbGFjZXMudjEuUGxhY2VzLlNlYXJjaE5lYXJieRACGAQgAA,25.0259069,121.25712279999999,ChIJ1XpvgOkhaDQR0BGo5IS4cfA
10–15 km,14.2,Danny Kids丹尼互動美語湖口校區,新竹縣私立恒卓文理短期補習班,新竹縣,湖口鄉,新竹縣湖口鄉信勢村新湖路115號,03 557 1805,think.jasonwang@gmail.com,https://www.facebook.com/dannykidshukou/,5,88,小型,48,129,129,9,4,76.2,148.46,4,文理類,2025-01-20,王瀚陽,王翰晨,address,36202501170001,學校,OPERATIONAL,https://maps.google.com/?cid=2209145546443792600&g_mp=Cilnb29nbGUubWFwcy5wbGFjZXMudjEuUGxhY2VzLlNlYXJjaE5lYXJieRACGAQgAA,24.9021573,121.0387417,ChIJ8x6wMggxaDQR2CDrgCt2qB4
10–15 km,14.22,泓庭文理補習班-皇家美語加盟校,私立泓庭文理短期補習班,桃園市,蘆竹區,桃園市蘆竹區上竹里南竹路五段251號,03 323 6345,xcv33xcv@gmail.com,,3.9,13,中型,104,210,100,7,4,120.73,204.36,3,"文理類,外語類",2003-05-30,陳弘庭,陳弘庭,address,33200306020003,兒童照護機構,OPERATIONAL,https://maps.google.com/?cid=240151938651357695&g_mp=Cilnb29nbGUubWFwcy5wbGFjZXMudjEuUGxhY2VzLlNlYXJjaE5lYXJieRACGAQgAA,25.0245338,121.25976010000001,ChIJmZgveZwfaDQR_4Fvc-owVQM
10–15 km,14.23,博全-空中美語觀音分校,私立博全美語文理短期補習班,桃園市,觀音區,桃園市觀音區四維路12號,03 438 9525,gracechuchu2001@yahoo.com.tw,https://sites.google.com/view/bochyuan/%E9%A6%96%E9%A0%81,4.4,5,小型,120,120,60,4,4,63.75,168.2,3,"文理類,外語類",2006-06-02,朱雅玲,朱雅玲,address,33200612210014,學校,OPERATIONAL,https://maps.google.com/?cid=9671046561170692986&g_mp=Cilnb29nbGUubWFwcy5wbGFjZXMudjEuUGxhY2VzLlNlYXJjaE5lYXJieRACGAQgAA,25.044155999999997,121.14268469999999,ChIJmy7Wox4naDQRepvXpJt1NoY
10–15 km,14.23,佳仁美語才藝短期補習班,,新竹縣,關西鎮,新竹縣關西鎮北斗里中興路12號,03 587 8600,,,5,3,,,,,,,,,,,,,,,,學校,OPERATIONAL,https://maps.google.com/?cid=17415218022417043379&g_mp=Cilnb29nbGUubWFwcy5wbGFjZXMudjEuUGxhY2VzLlNlYXJjaE5lYXJieRACGAQgAA,24.7922469,121.1770648,ChIJP1maq84-aDQRsw8miIVIr_E
10–15 km,14.27,愛美語國際補習班,新竹縣私立王浩文理短期補習班,新竹縣,湖口鄉,新竹縣湖口鄉信勢村明德街255號,03 599 6007,n121tw@yahoo.com.tw,,,,小型,69,184,60,8,3,84.98,195.64,3,文理類,2019-09-24,王順寬,張靜怡,phone,36202002120001,兒童照護機構,OPERATIONAL,https://maps.google.com/?cid=12657964811721207265&g_mp=Cilnb29nbGUubWFwcy5wbGFjZXMudjEuUGxhY2VzLlNlYXJjaE5lYXJieRACGAQgAA,24.902227399999997,121.03805879999999,ChIJHVEVN1IwaDQR4W0Jdu4fqq8
10–15 km,14.29,葉老師美語教室,私立葉老師美語短期補習班,新竹縣,湖口鄉,新竹縣湖口鄉信勢村明德街308號,03 599 2756,,,5,4,小型,15,30,30,2,1,33.0,114.0,1,外語類,2007-10-15,葉淑珍,葉淑珍,phone,36200801160001,學校,OPERATIONAL,https://maps.google.com/?cid=6439218446177399884&g_mp=Cilnb29nbGUubWFwcy5wbGFjZXMudjEuUGxhY2VzLlNlYXJjaE5lYXJieRACGAQgAA,24.901533600000004,121.0379552,ChIJZX74ylMwaDQRTPSLcw-zXFk
10–15 km,14.33,玉兔兒童課後照顧服務中心《新莊國小 大竹國小 大華國小》蘆竹安親班 蘆竹才藝班 蘆竹兒童美語 蘆竹兒童舞蹈 蘆竹暑期班,,桃園市,蘆竹區,桃園市蘆竹區大竹里南竹路五段222號,03 323 2446,,https://www.e2afterschool.com/,5,41,,,,,,,,,,,,,,,,學校,OPERATIONAL,https://maps.google.com/?cid=2666009332980519121&g_mp=Cilnb29nbGUubWFwcy5wbGFjZXMudjEuUGxhY2VzLlNlYXJjaE5lYXJieRACGAQgAA,25.025478099999997,121.2603071,ChIJZzbJricgaDQR0RAu_FyR_yQ
10–15 km,14.36,Flying Dolphin English(博士登補習班),私立博士登文理美語短期補習班,桃園市,觀音區,桃園市觀音區草新里四維二街46號,03 483 6316,shawnlanch@gmail.com,https://www.facebook.com/%E6%B5%B7%E8%B1%9A%E9%B3%A5%E7%BE%8E%E8%AA%9E-%E8%8D%89%E6%BC%AF%E6%A0%A1-329125293539/,4,3,中型,120,168,120,7,5,159.78,264.99,3,"文理類,外語類",2006-05-05,藍靖翔,藍靖翔,phone,33200612210021,學校,OPERATIONAL,https://maps.google.com/?cid=14775297317793933469&g_mp=Cilnb29nbGUubWFwcy5wbGFjZXMudjEuUGxhY2VzLlNlYXJjaE5lYXJieRACGAQgAA,25.045111,121.1418899,ChIJpROFBhwnaDQRnajjraBmDM0
10–15 km,14.49,賴世雄美語 傅老師補習班,,新竹縣,新埔鎮,新竹縣新埔鎮,,,,,,,,,,,,,,,,,,,,,學校,OPERATIONAL,https://maps.google.com/?cid=14265135193612750329&g_mp=Cilnb29nbGUubWFwcy5wbGFjZXMudjEuUGxhY2VzLlNlYXJjaE5lYXJieRACGAQgAA,24.827927100000004,121.07678109999999,ChIJgU7o41g3aDQR-Q028ODw98U
10–15 km,14.74,布蘭達美語-Brenda studio,私立布蘭達美語文理短期補習班,桃園市,觀音區,桃園市觀音區草漯里忠孝路34號,03 483 7499,kf058917@gmail.com,,5,5,小型,20,80,40,4,1,35.37,74.47,5,"文理類,外語類",2010-05-05,李明憲,李明憲,address,33201008060004,學校,OPERATIONAL,https://maps.google.com/?cid=1838528830862011972&g_mp=Cilnb29nbGUubWFwcy5wbGFjZXMudjEuUGxhY2VzLlNlYXJjaE5lYXJieRACGAQgAA,25.049077999999998,121.143618,ChIJ8e8ykRknaDQRRC7YEDvEgxk
10–15 km,14.8,佳音英語關西校,新竹縣私立文星文理短期補習班,新竹縣,關西鎮,新竹縣關西鎮東安里大德街86號,03 517 1630,fred.chien@msa.hinet.net,,4,3,大型,180,560,280,28,9,304.0,665.22,13,外語類,2009-01-14,游碧玲,錢正華,address,36200901200003,教育機構,OPERATIONAL,https://maps.google.com/?cid=8393930351964256124&g_mp=Cilnb29nbGUubWFwcy5wbGFjZXMudjEuUGxhY2VzLlNlYXJjaE5lYXJieRACGAQgAA,24.787195699999998,121.1809414,ChIJ1xXU2dE-aDQRfPcyoi47fXQ
15–20 km,15.48,漢林美語短期補習班,,桃園市,大園區,桃園市大園區埔心里埔心街99-5號,03 381 3036,,,,,,,,,,,,,,,,,,,,學校,OPERATIONAL,https://maps.google.com/?cid=1135817308057355910&g_mp=Cilnb29nbGUubWFwcy5wbGFjZXMudjEuUGxhY2VzLlNlYXJjaE5lYXJieRACGAQgAA,25.052608,121.225673,ChIJ4d7p1HogaDQRhsZ_6NI7ww8
15–20 km,15.76,私立佛利亞美語文理短期補習班,私立佛利亞美語文理短期補習班,桃園市,大園區,桃園市大園區大園里和平一街17號,03 386 0268,kui8868@yahoo.com.tw,,3.9,11,大型,80,80,60,4,4,146.62,492.32,3,"文理類,外語類",2011-02-17,陳名宗,陳名宗,phone,33201103170005,學校,OPERATIONAL,https://maps.google.com/?cid=3192939386250519507&g_mp=Cilnb29nbGUubWFwcy5wbGFjZXMudjEuUGxhY2VzLlNlYXJjaE5lYXJieRACGAQgAA,25.0604575,121.2007682,ChIJsSqDKpogaDQR0-PQcnSZTyw
15–20 km,15.76,葛洛莉英語-大園校 Da Yuan,私立葛洛莉英語會話短期補習班大園分班,桃園市,大園區,桃園市大園區大園里中正二街55號,03 385 5081,annachang1129@gmail.com,http://www.glo.com.tw/,5,464,大型,88,176,176,8,4,96.5,417.54,17,外語類,2007-03-29,張鳳玶、張弘昌,張弘昌,address,33200707180011,兒童照護機構,OPERATIONAL,https://maps.google.com/?cid=6186639775692339273&g_mp=Cilnb29nbGUubWFwcy5wbGFjZXMudjEuUGxhY2VzLlNlYXJjaE5lYXJieRACGAQgAA,25.060535,121.20037889999999,ChIJj1cqLpogaDQRSbhxBxlc21U
15–20 km,15.82,群揚語文短期補習班(大園國小 大園國中)大園兒童美語 大園小一新生 大園正音班 大園課輔班 大園補習班,私立群揚語文短期補習班,桃園市,大園區,桃園市大園區大園里中正二街46號,03 385 8920,Chun.yang46@msa.hinet.net,https://chun-yang.weebly.com/,4.9,49,小型,74,74,37,2,2,45.55,160.71,5,外語類,2007-09-11,宋美蘭,宋美蘭,address,33200804280010,學校,OPERATIONAL,https://maps.google.com/?cid=12749131193607395473&g_mp=Cilnb29nbGUubWFwcy5wbGFjZXMudjEuUGxhY2VzLlNlYXJjaE5lYXJieRACGAQgAA,25.0611095,121.2004163,ChIJOXdCzZsgaDQRkRjS1UUD7rA
15–20 km,15.84,奧斯汀美語/MPM數學_桃園大園分校,私立二聖文理短期補習班,桃園市,大園區,桃園市大園區大園里中正二街39號,03 386 8808,a0970685568@gmail.com,https://austinenglish.com.tw/,4.8,24,中型,108,324,218,12,4,140.14,376.42,2,文理類,2023-10-02,張敦堯,張敦堯,address,33202310020001,學校,OPERATIONAL,https://maps.google.com/?cid=5150303975398947100&g_mp=Cilnb29nbGUubWFwcy5wbGFjZXMudjEuUGxhY2VzLlNlYXJjaE5lYXJieRACGAQgAA,25.0612057,121.20074259999998,ChIJ5bv3FQ8haDQRHLnvmi2OeUc
15–20 km,16.0,惠翔語文短期補習班,,桃園市,大園區,桃園市大園區田心里華興路50號,03 385 9622,,https://m.facebook.com/pages/category/Day-Care/%E6%83%A0%E7%BF%94%E7%BE%8E%E8%AA%9E%E7%9F%AD%E6%9C%9F%E8%A3%9C%E7%BF%92%E7%8F%AD-218908854793104/?locale2=zh_TW,4,4,,,,,,,,,,,,,,,,學校,OPERATIONAL,https://maps.google.com/?cid=235626296435550090&g_mp=Cilnb29nbGUubWFwcy5wbGFjZXMudjEuUGxhY2VzLlNlYXJjaE5lYXJieRACGAQgAA,25.0635011,121.19335579999999,ChIJqXWQnOohaDQRiifIQt4cRQM
15–20 km,16.06,雷克斯美語短期補習班,,桃園市,觀音區,桃園市觀音區觀音里中正路257號,03 473 5266,,,5,1,,,,,,,,,,,,,,,,學校,OPERATIONAL,https://maps.google.com/?cid=4064459156930241107&g_mp=Cilnb29nbGUubWFwcy5wbGFjZXMudjEuUGxhY2VzLlNlYXJjaE5lYXJieRACGAQgAA,25.03462,121.080759,ChIJ64L6aSAmaDQRUyLpnBHcZzg
15–20 km,16.07,私立名慧美語珠心算短期補習班,私立名慧美語珠心算短期補習班,新北市,鶯歌區,鶯歌區二橋里高職西街108號,02 8671 1832,fujiyama@ms7.hinet.net,,,,中型,63,84,,4,3,85.0,234.45,8,"外語類,商類：珠算、心算、會計",2003-04-04,許心宥,許心宥,address,21200304030006,兒童照護機構,OPERATIONAL,https://maps.google.com/?cid=17378193242969934326&g_mp=Cilnb29nbGUubWFwcy5wbGFjZXMudjEuUGxhY2VzLlNlYXJjaE5lYXJieRACGAQgAA,24.941194499999998,121.3358555,ChIJg2yWGkYZaDQR9glRTa6-K_E
15–20 km,16.07,吉的堡美語鶯歌二橋分校,私立名慧美語珠心算短期補習班,新北市,鶯歌區,新北市鶯歌區二橋里高職西街108號,02 8677 1832,fujiyama@ms7.hinet.net,https://m.facebook.com/100083613390584/,3.7,13,中型,63,84,,4,3,85.0,234.45,8,"外語類,商類：珠算、心算、會計",2003-04-04,許心宥,許心宥,address,21200304030006,教育機構,OPERATIONAL,https://maps.google.com/?cid=9217813058763757645&g_mp=Cilnb29nbGUubWFwcy5wbGFjZXMudjEuUGxhY2VzLlNlYXJjaE5lYXJieRACGAQgAA,24.941194499999998,121.3358555,ChIJg2yWGkYZaDQRTRiSjSNA7H8
15–20 km,16.09,長頸鹿美語觀音分校,私立先進美語數學短期補習班,桃園市,觀音區,桃園市觀音區觀音里三民路43巷1號,03 473 3873,lili650714@yahoo.com.tw,https://m.facebook.com/lovegiraffeGN/?locale2=zh_TW,5,89,中型,108,109,64,7,7,162.67,283.75,6,外語類,2004-09-16,徐立宗,徐立宗,address,33200507130018,學校,OPERATIONAL,https://maps.google.com/?cid=8523702580769682223&g_mp=Cilnb29nbGUubWFwcy5wbGFjZXMudjEuUGxhY2VzLlNlYXJjaE5lYXJieRACGAQgAA,25.0355432,121.0817345,ChIJd8xuZf8naDQRL3PbMVZGSnY
15–20 km,16.1,百勝外師美語教室&河合音樂教室-大園英文補習班 大園音樂教室-大園校,私立百勝文理語文技藝短期補習班,桃園市,大園區,桃園市大園區大園里新生路130號,03 385 2169,goddessstacytsao@gmail.com,https://winner-english.weebly.com/,4.5,33,中型,161,152,92,10,7,93.82,199.52,1,"文理類,外語類,音樂、舞蹈類,美術、書法、攝影、美工設計、圍棋類",2015-12-16,曹心怡,曹心怡,address,33201601050002,學校,OPERATIONAL,https://maps.google.com/?cid=11603259384907977558&g_mp=Cilnb29nbGUubWFwcy5wbGFjZXMudjEuUGxhY2VzLlNlYXJjaE5lYXJieRACGAQgAA,25.0635864,121.200497,ChIJE6vK95sgaDQRVlMoEu8OB6E
15–20 km,16.42,私立米可美語短期補習班,,桃園市,桃園區,桃園市桃園區成功里桃三街62號1樓,03 347 3366,,,,,,,,,,,,,,,,,,,,學校,OPERATIONAL,https://maps.google.com/?cid=8945207782513814034&g_mp=Cilnb29nbGUubWFwcy5wbGFjZXMudjEuUGxhY2VzLlNlYXJjaE5lYXJieRACGAQgAA,24.996076,121.31788299999998,ChIJefcbsfkeaDQREqrLnhXDI3w
15–20 km,16.44,亞莉安美語短期補習班,私立亞莉安美語短期補習班,桃園市,觀音區,桃園市觀音區白玉里中興路44號,03 473 4338,jannie520520@gmail.com,,4.2,6,小型,60,60,60,2,2,73.6,172.57,2,外語類,2005-06-20,王芷渝,葉添順,address,33200507080017,學校,OPERATIONAL,https://maps.google.com/?cid=16139118546310347088&g_mp=Cilnb29nbGUubWFwcy5wbGFjZXMudjEuUGxhY2VzLlNlYXJjaE5lYXJieRACGAQgAA,25.038556,121.08034359999999,ChIJWckRTCcmaDQRUDm_JM-q-d8
15–20 km,16.45,雪米美語,私立雪米文理短期補習班,桃園市,桃園區,桃園市桃園區成功里桃一街87號,03 333 9860,s0921200685@gmail.com,https://www.facebook.com/profile.php?id=100083101672465,5,10,小型,36,468,468,26,2,30.53,108.69,2,文理類,2022-05-02,余承澐,余承澐,address,33202205020001,學校,OPERATIONAL,https://maps.google.com/?cid=2001121843865286262&g_mp=Cilnb29nbGUubWFwcy5wbGFjZXMudjEuUGxhY2VzLlNlYXJjaE5lYXJieRACGAQgAA,24.9954535,121.3186909,ChIJnauAuaIfaDQRdnbd77ZpxRs
15–20 km,16.51,奧斯汀美語-青溪分校,私立智森文理短期補習班,桃園市,桃園區,桃園市桃園區三民里自強路77號,03 331 1155,vin568@ms68.hinet.net,,5,31,中型,120,215,168,10,5,109.78,194.56,2,"文理類,外語類",2023-08-21,歐陽唯一,吳佩珊,address,33202308230001,學校,OPERATIONAL,https://maps.google.com/?cid=5402316175134120272&g_mp=Cilnb29nbGUubWFwcy5wbGFjZXMudjEuUGxhY2VzLlNlYXJjaE5lYXJieRACGAQgAA,24.9967983,121.31845469999999,ChIJCxHxZccfaDQRUFk3R_Dh-Eo
15–20 km,16.9,長青文理語文珠算短期補習班/國小安親班,私立長青文理語文珠算短期補習班,新北市,鶯歌區,新北市鶯歌區永昌里永明街71-1號,02 2677 4265,w040962@yahoo.com.tw,,4.2,14,中型,46,73,48,6,4,59.32,203.01,1,"文理類,外語類,商類：珠算、心算、會計",2005-05-24,王月麗,冉懋槐,phone,21200505160005,兒童照護機構,OPERATIONAL,https://maps.google.com/?cid=11517522815217016364&g_mp=Cilnb29nbGUubWFwcy5wbGFjZXMudjEuUGxhY2VzLlNlYXJjaE5lYXJieRACGAQgAA,24.956103,121.34101240000001,ChIJWZpzI7IeaDQRLJ53Xfp11p8
15–20 km,16.91,私立葵思美語短期補習班,,桃園市,桃園區,桃園區莊敬里莊敬路一段210巷59號,03 317 3712,,,,,,,,,,,,,,,,,,,,學校,OPERATIONAL,https://maps.google.com/?cid=9921404017151092690&g_mp=Cilnb29nbGUubWFwcy5wbGFjZXMudjEuUGxhY2VzLlNlYXJjaE5lYXJieRACGAQgAA,25.0257529,121.29901699999999,ChIJhXU-OsgfaDQR0qdsQ2Por4k
15–20 km,16.93,私立樂捷文理技藝補習班/國小/國中/高中-桃園/文昌/慈文/同德/經國/同德/慈文/同安/莊敬/新埔國中國小作文|國中英文補習|作文補習班|國/高中國文班|國小美術教學|國中自然補習|英文補習班|多元才藝,私立樂捷文理技藝短期補習班,桃園市,桃園區,桃園市桃園區自強里莊敬路一段187號,03 316 1791,yifen@cycu.org.tw,https://lin.ee/jsD1IMW,5,104,中型,50,415,182,23,5,82.78,231.44,7,"文理類,外語類,美術、書法、攝影、美工設計、圍棋類",2024-04-25,徐怡芬,徐怡芬,address,33202404250001,學校,OPERATIONAL,https://maps.google.com/?cid=16549519668812569714&g_mp=Cilnb29nbGUubWFwcy5wbGFjZXMudjEuUGxhY2VzLlNlYXJjaE5lYXJieRACGAQgAA,25.025148599999998,121.2998856,ChIJEenbcDYfaDQRctzppnS0q-U
15–20 km,17.06,私立文建語文短期補習班,私立芝麻村語文短期補習班,新北市,鶯歌區,新北市鶯歌區建國里國華路71號,,sesame_street@hotmail.com.tw,,,,小型,48,48,48,3,3,47.08,79.46,5,外語類,2001-10-29,張育婷,黃小洋,address,21200412300001,學校,OPERATIONAL,https://maps.google.com/?cid=4419043082239904887&g_mp=Cilnb29nbGUubWFwcy5wbGFjZXMudjEuUGxhY2VzLlNlYXJjaE5lYXJieRACGAQgAA,24.954611099999997,121.34307240000001,ChIJ6Ubi8osfaDQRd4wOLEWYUz0
15–20 km,17.4,長頸鹿美語-南崁光明分校 (國中部/英檢班),私立宇成美語短期補習班光明分班,桃園市,蘆竹區,桃園市蘆竹區福昌里南順七街24號,03 321 3626,kevin_becky@seed.net.tw,https://lin.ee/OOTIaWK,5,5,小型,52,52,52,4,4,67.14,99.17,9,外語類,2001-10-19,蔡昇志,劉幼蘭,address,33200209130028,學校,OPERATIONAL,https://maps.google.com/?cid=11584361116529656085&g_mp=Cilnb29nbGUubWFwcy5wbGFjZXMudjEuUGxhY2VzLlNlYXJjaE5lYXJieRACGAQgAA,25.038801,121.29078500000001,ChIJkzWHRb0faDQRFQGZFA_rw6A
15–20 km,17.43,Live互動美語-新北鶯歌分校,私立艾特文理短期補習班,新北市,鶯歌區,新北市鶯歌區南鶯里育英街43號2樓,,,,5,8,小型,60,160,100,8,3,68.82,122.12,1,文理類,2022-07-20,呂雅慧,呂雅慧,address,21202207200001,學校,OPERATIONAL,https://maps.google.com/?cid=16798625233636299584&g_mp=Cilnb29nbGUubWFwcy5wbGFjZXMudjEuUGxhY2VzLlNlYXJjaE5lYXJieRACGAQgAA,24.9538126,121.3470001,ChIJ3erEMR4faDQRQBPOpaW0IOk
15–20 km,17.45,茱蒂美語文理短期補習(建國國小 鶯歌國小)鶯歌安親班/鶯歌美語/鶯歌英文/鶯歌國中數學/鶯歌國中理化/鶯歌英檢補習班,私立茱蒂美語文理短期補習班 + 私立優e文理短期補習班,新北市,鶯歌區,新北市鶯歌區南鶯里育英街21號,02 2678 6559,,https://www.judy-english.com/,4.5,34,大型,180,160,160,6,6,237.85,590.55,15,外語類 / 文理類,2004-06-25,林淑瑛,林淑瑛,address,21200406230001 21201610240001,學校,OPERATIONAL,https://maps.google.com/?cid=16850024119125160988&g_mp=Cilnb29nbGUubWFwcy5wbGFjZXMudjEuUGxhY2VzLlNlYXJjaE5lYXJieRACGAQgAA,24.9550567,121.34694879999998,ChIJVYRxIKweaDQRHDQ4PalP1-k
15–20 km,17.46,鶯歌聖禾IvyEnglish-新北鶯歌補習班 課輔班 安親班 推薦 國小/兒童 美語班 英檢班 正音班 寒暑假夏令營 珠心算 自然發音班 外師主題課 麥塊電腦課 TutorABC,私立聖禾文理技藝短期補習班,新北市,鶯歌區,新北市鶯歌區南鶯里育英街19號,02 8677 3222,shengher8@gmail.com,https://www.facebook.com/YinggeShengher,5,122,小型,48,266,128,20,3,42.79,158.42,10,"文理類,外語類,美術、書法、攝影、美工設計、圍棋類,商類：珠算、心算、會計",2005-09-10,郭文英,黃俊瑋,address,21200509090002,學校,OPERATIONAL,https://maps.google.com/?cid=13378954287840532386&g_mp=Cilnb29nbGUubWFwcy5wbGFjZXMudjEuUGxhY2VzLlNlYXJjaE5lYXJieRACGAQgAA,24.955105000000003,121.34702089999999,ChIJVYRxIKweaDQRopfsQAqYq7k
15–20 km,17.47,學詮珠心算語文短期補習班,,新北市,鶯歌區,新北市鶯歌區南鶯里育才街90號,02 2678 6728,,,,,,,,,,,,,,,,,,,,兒童照護機構,OPERATIONAL,https://maps.google.com/?cid=15482487916398881806&g_mp=Cilnb29nbGUubWFwcy5wbGFjZXMudjEuUGxhY2VzLlNlYXJjaE5lYXJieRACGAQgAA,24.954727,121.34718099999998,ChIJw47gGKweaDQRDqw78LrY3NY
15–20 km,17.56,長頸鹿美語-南崁光明分校 (宇成)安親/美語/英檢/國中/國一先修/升學/私校專班,,桃園市,蘆竹區,桃園市蘆竹區福昌里南昌路264號1樓,03 312 2000,,https://page.line.me/bvr9721q,3.7,3,,,,,,,,,,,,,,,,學校,OPERATIONAL,https://maps.google.com/?cid=11898897354200560128&g_mp=Cilnb29nbGUubWFwcy5wbGFjZXMudjEuUGxhY2VzLlNlYXJjaE5lYXJieRACGAQgAA,25.039800099999997,121.29194079999998,ChIJu-TZnp4faDQRALL1vxlgIaU
15–20 km,17.64,奧斯汀美語 - 鶯歌建國分校 / 私立京英文理短期補習班,私立京英文理短期補習班 + 私立京英文理短期補習班,新北市,鶯歌區,新北市鶯歌區南鶯里建國路210巷4號,02 2678 8587,,https://www.facebook.com/yinggeaustin/,5,18,大型,,,,,8,245.62,456.52,4,文理類,2023-12-06,黃博淳,黃博淳,address,21202312060001 21202312060001,學校,OPERATIONAL,https://maps.google.com/?cid=17952011757735515433&g_mp=Cilnb29nbGUubWFwcy5wbGFjZXMudjEuUGxhY2VzLlNlYXJjaE5lYXJieRACGAQgAA,24.953758399999998,121.34915489999997,ChIJPxiLa7MfaDQRKRV2b5RbIvk
15–20 km,17.65,大熊哥美語短期補習班 Big Brother Bear English School,大熊哥美語短期補習班,新北市,鶯歌區,新北市鶯歌區南鶯里育才街29號,02 2670 7732,bigbro.bear@msa.hinet.net,https://b3school.com/,4.9,44,中型,168,84,84,3,6,122.73,275.39,6,外語類,2004-07-28,張愛立刻,高挺維,address,21200307310003,學校,OPERATIONAL,https://maps.google.com/?cid=18432274182316596293&g_mp=Cilnb29nbGUubWFwcy5wbGFjZXMudjEuUGxhY2VzLlNlYXJjaE5lYXJieRACGAQgAA,24.9549466,121.3489229,ChIJqTADlFkfaDQRRZyV37WXzP8
15–20 km,18.55,文賢數理學苑-Live互動美語,新竹縣私立文賢文理短期補習班,新竹縣,竹北市,新竹縣竹北市竹仁里中山路251號,03 551 6586,zchen4761@gmail.com,https://www.facebook.com/wenshianzb,4.6,59,中型,154,440,88,20,7,127.47,195.5,10,文理類,2009-01-12,呂家佳,黃竣聖,address,36200901200001,兒童照護機構,OPERATIONAL,https://maps.google.com/?cid=15856574093353569986&g_mp=Cilnb29nbGUubWFwcy5wbGFjZXMudjEuUGxhY2VzLlNlYXJjaE5lYXJieRACGAQgAA,24.835987,121.0194854,ChIJp01F98I2aDQRwk4ATSDeDdw
15–20 km,18.61,弋果美語新豐分校,新竹縣私立張易文理短期補習班,新竹縣,新豐鄉,新竹縣新豐鄉忠孝村忠孝路129號,03 557 7937,twwsc26003@gmail.com,https://www.facebook.com/eaglehsinfeng,3.7,29,大型,513,1294,324,42,19,618.36,982.14,18,文理類,2013-12-26,張逸文,劉素芸,address,36201312290001,學校,OPERATIONAL,https://maps.google.com/?cid=11952706487950066176&g_mp=Cilnb29nbGUubWFwcy5wbGFjZXMudjEuUGxhY2VzLlNlYXJjaE5lYXJieRACGAQgAA,24.879009,120.99930599999999,ChIJD1SZ00IxaDQRAELF_jiL4KU
15–20 km,18.78,良門珠心算美語短期補習班,私立良門珠心算美語短期補習班,桃園市,龜山區,桃園市龜山區龜山里自強東路198號,03 329 9280,joan9336@gmail.com,,5,3,小型,45,46,32,3,3,53.67,157.44,2,"外語類,商類：珠算、心算、會計",1999-04-02,陳俊良,姚嘉玲,address,33200207300034,學校,OPERATIONAL,https://maps.google.com/?cid=12445602330240325670&g_mp=Cilnb29nbGUubWFwcy5wbGFjZXMudjEuUGxhY2VzLlNlYXJjaE5lYXJieRACGAQgAA,24.996558399999998,121.34430400000001,ChIJjYu06XweaDQRJpi_NWGpt6w
15–20 km,18.86,喬登美語 文興分校,新竹縣私立蒔英文理短期補習班 + 新竹縣私立學兒文理短期補習班,新竹縣,竹北市,新竹縣竹北市隘口里高鐵九路52號2樓,03 612 9009,xion770611@gmail.com; aass123032@gmail.com,https://www.facebook.com/share/187mVxkYqZ/?mibextid=wwXIfr,,,中型,128,1773,545,63,4,255.9,338.14,7,文理類,2023-09-20,曾詠茹,蔡旻哲,address,36202309230002 36202606220001,學校,OPERATIONAL,https://maps.google.com/?cid=2767888211527971697&g_mp=Cilnb29nbGUubWFwcy5wbGFjZXMudjEuUGxhY2VzLlNlYXJjaE5lYXJieRACGAQgAA,24.8032379,121.0427837,ChIJzyLJEgc3aDQRcbMd2qmDaSY
15–20 km,18.92,三之三芎林分校＜鉅林補習班＞格蘭英語/MPM數學,新竹縣私立鉅林文理短期補習班,新竹縣,芎林鄉,新竹縣芎林鄉芎林村文昌街222號,03 512 0033,g5120033@yahoo.com.tw,https://www.facebook.com/pg/33winwin/about/,4.9,9,中型,100,552,144,20,5,182.53,331.52,17,文理類,2006-07-19,郝芮平,郝芮平,phone,36200607240001,學校,OPERATIONAL,https://maps.google.com/?cid=156644005763506941&g_mp=Cilnb29nbGUubWFwcy5wbGFjZXMudjEuUGxhY2VzLlNlYXJjaE5lYXJieRACGAQgAA,24.7759963,121.0786921,ChIJzYt5ZfU3aDQR_WK6r-SCLAI
15–20 km,18.94,互動美語山崎校,極致教育股份有限公司附設新竹縣私立劉欣英文邱天數理山崎文理短期補習班,新竹縣,新豐鄉,新竹縣新豐鄉山崎村學府路70號,03 557 2025,besthr82952364@gmail.com,,4.8,33,中型,48,346,152,22,4,78.63,214.49,8,文理類,2017-11-16,極致教育股份有限公司 (代表人:邱文卿),邱屏樺,phone,36201711220001,學校,OPERATIONAL,https://maps.google.com/?cid=12414411095172997513&g_mp=Cilnb29nbGUubWFwcy5wbGFjZXMudjEuUGxhY2VzLlNlYXJjaE5lYXJieRACGAQgAA,24.873042899999998,120.9977603,ChIJcUfePN8xaDQRiWF03x3ZSKw
15–20 km,18.95,文強文理語文短期補習班,,新北市,三峽區,新北市三峽區中埔里弘園街36巷8號,02 8671 1066,,,5,1,,,,,,,,,,,,,,,,學校,OPERATIONAL,https://maps.google.com/?cid=3237018137725364278&g_mp=Cilnb29nbGUubWFwcy5wbGFjZXMudjEuUGxhY2VzLlNlYXJjaE5lYXJieRACGAQgAA,24.9272977,121.36594199999999,ChIJx8vLmugbaDQRNuidhtgy7Cw
15–20 km,19.06,徐薇英文芎林文林分校-文林文理才藝補習班,,新竹縣,芎林鄉,新竹縣芎林鄉文林村文德路30號1樓,03 592 1000,,https://www.facebook.com/WinLinSchool?mibextid=ZbWKwL,4.8,63,,,,,,,,,,,,,,,,兒童照護機構,OPERATIONAL,https://maps.google.com/?cid=1519035798172719987&g_mp=Cilnb29nbGUubWFwcy5wbGFjZXMudjEuUGxhY2VzLlNlYXJjaE5lYXJieRACGAQgAA,24.7761036,121.07586400000001,ChIJe8WqMB44aDQRc9svnwKzFBU
15–20 km,19.07,Live互動美語竹北文興分校 - 熠新,新竹縣私立熠新文理技藝短期補習班,新竹縣,竹北市,新竹縣竹北市隘口里隘口三街206號,03 668 5581,mintsaiyuan@gmail.com,https://www.facebook.com/profile.php?id=61582188993059,5,32,小型,52,342,92,24,4,72.82,165.2,3,"文理類,資訊類",2026-04-27,閔彩媛,李秀茹,address,36202604270001,學校,OPERATIONAL,https://maps.google.com/?cid=9080127589191330602&g_mp=Cilnb29nbGUubWFwcy5wbGFjZXMudjEuUGxhY2VzLlNlYXJjaE5lYXJieRACGAQgAA,24.8024378,121.0407576,ChIJ65DWfa03aDQRKiv5DO8XA34
15–20 km,19.16,文特蘭補習班｜菓林分校（菓林國小)【國小安親課輔】【海豚鳥美語課程】【國中英數理化補習班】【升小一先修正音班】,私立文特蘭語文文理短期補習班,桃園市,大園區,桃園市大園區菓林里菓林路137號,03 393 5427,edward.you@msa.hinet.net,https://wentelan.vercel.app/,5,13,小型,84,84,42,4,4,82.42,175.55,3,外語類,2000-06-20,曾淑娟,曾淑娟,address,33200210040006,學校,OPERATIONAL,https://maps.google.com/?cid=8869489318183529185&g_mp=Cilnb29nbGUubWFwcy5wbGFjZXMudjEuUGxhY2VzLlNlYXJjaE5lYXJieRACGAQgAA,25.0768178,121.2576754,ChIJpfDgsvSfQjQR4Wpz1YrBFns
15–20 km,19.5,高登波士頓語文文理短期補習班,私立高登波士頓語文文理短期補習班,新北市,三峽區,新北市三峽區大同路143號,02 8674 2866,,,5,4,小型,64,64,32,4,4,67.8,139.25,6,文理類,2012-05-21,李品誼,李鈺涵,address,21201205210001,兒童照護機構,OPERATIONAL,https://maps.google.com/?cid=16884132785800534533&g_mp=Cilnb29nbGUubWFwcy5wbGFjZXMudjEuUGxhY2VzLlNlYXJjaE5lYXJieRACGAQgAA,24.926815,121.37138999999998,ChIJw-uW3-sbaDQRBdoqDlB9UOo
15–20 km,19.7,培淯語文短期補習班,私立培淯語文短期補習班,新北市,三峽區,新北市三峽區中正里永安街188號1樓,02 2672 1035,dolphinkoko1124@gmail.com,,5,9,小型,56,56,56,2,2,34.55,87.68,2,外語類,2008-09-21,陳昰璇,陳昰璇,address,21200809230001,兒童照護機構,OPERATIONAL,https://maps.google.com/?cid=10681572769613628438&g_mp=Cilnb29nbGUubWFwcy5wbGFjZXMudjEuUGxhY2VzLlNlYXJjaE5lYXJieRACGAQgAA,24.9279567,121.3733262,ChIJxwbsd-wbaDQRFkROL9eRPJQ
15–20 km,19.86,樂獅英語竹北興隆分校 國小國中高中英文補習班・自然發音・全民英檢 竹北英文補習班推薦,,新竹縣,竹北市,新竹縣竹北市鹿場里文興路195號,03 550 0887,,https://www.facebook.com/happylionzhubei/,5,302,,,,,,,,,,,,,,,,教育機構,OPERATIONAL,https://maps.google.com/?cid=13853490090923483113&g_mp=Cilnb29nbGUubWFwcy5wbGFjZXMudjEuUGxhY2VzLlNlYXJjaE5lYXJieRACGAQgAA,24.8158007,121.0185247,ChIJsYou-Vw3aDQR6V_juNZ7QcA
15–20 km,19.92,金蘋果語言中心-竹北教室,,新竹縣,竹北市,新竹縣竹北市鹿場里成功十五街,0956 521 333,,,,,,,,,,,,,,,,,,,,學校,OPERATIONAL,https://maps.google.com/?cid=14312453235238107361&g_mp=Cilnb29nbGUubWFwcy5wbGFjZXMudjEuUGxhY2VzLlNlYXJjaE5lYXJieRACGAQgAA,24.812243700000003,121.02062459999999,ChIJl8tmPrA3aDQR4fjBBmMMoMY
15–20 km,19.93,私立汶喬語文短期補習班,,新北市,三峽區,新北市三峽區中正里大同路88巷6號,02 2674 2314,,,4,1,,,,,,,,,,,,,,,,兒童照護機構,OPERATIONAL,https://maps.google.com/?cid=11054551923795664004&g_mp=Cilnb29nbGUubWFwcy5wbGFjZXMudjEuUGxhY2VzLlNlYXJjaE5lYXJieRACGAQgAA,24.928148999999998,121.37561799999999,ChIJ3fyIvewbaDQRhJzzuGeoaZk
15–20 km,19.94,私立資優英語會話短期補習班,新竹縣私立資優文理短期補習班,新竹縣,竹北市,新竹縣竹北市新社里國盛街321號,03 656 2878,mei601011@gmail.com,,4.2,5,小型,34,185,59,9,2,48.93,117.06,3,外語類,1985-11-27,陳伯栩,陳伯栩,phone,36200205220001,學校,OPERATIONAL,https://maps.google.com/?cid=8845373364631860817&g_mp=Cilnb29nbGUubWFwcy5wbGFjZXMudjEuUGxhY2VzLlNlYXJjaE5lYXJieRACGAQgAA,24.8435919,120.99941380000001,ChIJZ5AarLw2aDQRUXaV2DUUwXo
